Country,Year,Month,Events,Fatalities
Haiti,2018,January,0,0
Haiti,2018,February,3,1
Haiti,2018,March,5,3
Haiti,2018,April,8,6
Haiti,2018,May,10,12
Haiti,2018,June,4,3
Haiti,2018,July,10,9
Haiti,2018,August,8,3
Haiti,2018,September,14,9
Haiti,2018,October,20,12
Haiti,2018,November,17,92
Haiti,2018,December,12,10
Haiti,2019,January,7,5
Haiti,2019,February,5,3
Haiti,2019,March,16,16
Haiti,2019,April,13,53
Haiti,2019,May,18,12
Haiti,2019,June,14,11
Haiti,2019,July,10,14
Haiti,2019,August,14,11
Haiti,2019,September,22,11
Haiti,2019,October,28,20
Haiti,2019,November,37,39
Haiti,2019,December,15,12
Haiti,2020,January,23,17
Haiti,2020,February,29,20
Haiti,2020,March,21,19
Haiti,2020,April,16,18
Haiti,2020,May,20,29
Haiti,2020,June,23,30
Haiti,2020,July,44,82
Haiti,2020,August,31,42
Haiti,2020,September,29,20
Haiti,2020,October,48,34
Haiti,2020,November,47,41
Haiti,2020,December,29,8
Haiti,2021,January,45,17
Haiti,2021,February,32,12
Haiti,2021,March,34,28
Haiti,2021,April,51,25
Haiti,2021,May,31,35
Haiti,2021,June,25,43
Haiti,2021,July,18,11
Haiti,2021,August,30,11
Haiti,2021,September,35,23
Haiti,2021,October,44,15
Haiti,2021,November,39,15
Haiti,2021,December,40,22
Haiti,2022,January,36,43
Haiti,2022,February,39,20
Haiti,2022,March,35,12
Haiti,2022,April,43,131
Haiti,2022,May,64,70
Haiti,2022,June,42,20
Haiti,2022,July,72,47
Haiti,2022,August,24,23
Haiti,2022,September,38,36
Haiti,2022,October,55,98
Haiti,2022,November,40,136
Haiti,2022,December,31,33
Haiti,2023,January,35,21
Haiti,2023,February,58,74
Haiti,2023,March,100,101
Haiti,2023,April,64,265
Haiti,2023,May,59,174
Haiti,2023,June,33,31
Haiti,2023,July,60,69
Haiti,2023,August,74,67
Haiti,2023,September,37,52
Haiti,2023,October,49,50
Haiti,2023,November,59,50
Haiti,2023,December,48,55
Haiti,2024,January,67,160
Haiti,2024,February,59,65
Haiti,2024,March,72,95
Haiti,2024,April,50,63
Haiti,2024,May,59,53
Haiti,2024,June,28,51
Haiti,2024,July,42,39
Haiti,2024,August,35,59
Haiti,2024,September,34,42
Haiti,2024,October,59,208
Haiti,2024,November,106,183
Haiti,2024,December,79,579
Haiti,2025,January,103,286
Haiti,2025,February,131,188
Haiti,2025,March,126,321
Haiti,2025,April,59,151
Haiti,2025,May,56,133
Haiti,2025,June,51,80
Haiti,2025,July,57,79
Haiti,2025,August,38,52
Haiti,2025,September,30,91
Haiti,2025,October,57,63
Haiti,2025,November,62,83
Haiti,2025,December,44,147
Haiti,2026,January,43,54
Haiti,2026,February,30,27
Haiti,2026,March,26,67
Haiti,2026,April,13,6
Lebanon,2016,January,9,1
Lebanon,2016,February,7,1
Lebanon,2016,March,7,1
Lebanon,2016,April,8,1
Lebanon,2016,May,11,0
Lebanon,2016,June,12,23
Lebanon,2016,July,11,2
Lebanon,2016,August,9,1
Lebanon,2016,September,14,3
Lebanon,2016,October,2,1
Lebanon,2016,November,5,0
Lebanon,2016,December,5,1
Lebanon,2017,January,7,2
Lebanon,2017,February,4,2
Lebanon,2017,March,6,1
Lebanon,2017,April,3,2
Lebanon,2017,May,6,3
Lebanon,2017,June,8,7
Lebanon,2017,July,4,4
Lebanon,2017,August,4,2
Lebanon,2017,September,6,1
Lebanon,2017,October,3,0
Lebanon,2017,November,4,1
Lebanon,2017,December,3,0
Lebanon,2018,January,0,0
Lebanon,2018,February,3,0
Lebanon,2018,March,4,3
Lebanon,2018,April,5,0
Lebanon,2018,May,4,2
Lebanon,2018,June,4,1
Lebanon,2018,July,4,1
Lebanon,2018,August,0,0
Lebanon,2018,September,1,1
Lebanon,2018,October,3,1
Lebanon,2018,November,0,0
Lebanon,2018,December,2,0
Lebanon,2019,January,2,0
Lebanon,2019,February,3,0
Lebanon,2019,March,1,0
Lebanon,2019,April,4,1
Lebanon,2019,May,5,1
Lebanon,2019,June,7,1
Lebanon,2019,July,3,0
Lebanon,2019,August,3,1
Lebanon,2019,September,1,1
Lebanon,2019,October,4,0
Lebanon,2019,November,7,0
Lebanon,2019,December,5,0
Lebanon,2020,January,11,0
Lebanon,2020,February,6,0
Lebanon,2020,March,3,1
Lebanon,2020,April,6,0
Lebanon,2020,May,10,0
Lebanon,2020,June,7,0
Lebanon,2020,July,3,0
Lebanon,2020,August,4,0
Lebanon,2020,September,7,1
Lebanon,2020,October,5,0
Lebanon,2020,November,8,1
Lebanon,2020,December,5,2
Lebanon,2021,January,4,0
Lebanon,2021,February,8,2
Lebanon,2021,March,5,0
Lebanon,2021,April,6,3
Lebanon,2021,May,11,0
Lebanon,2021,June,7,1
Lebanon,2021,July,9,1
Lebanon,2021,August,9,0
Lebanon,2021,September,2,0
Lebanon,2021,October,3,0
Lebanon,2021,November,2,0
Lebanon,2021,December,0,0
Lebanon,2022,January,1,0
Lebanon,2022,February,0,0
Lebanon,2022,March,1,0
Lebanon,2022,April,6,0
Lebanon,2022,May,16,0
Lebanon,2022,June,5,0
Lebanon,2022,July,3,0
Lebanon,2022,August,5,1
Lebanon,2022,September,6,1
Lebanon,2022,October,5,1
Lebanon,2022,November,2,0
Lebanon,2022,December,0,0
Lebanon,2023,January,2,1
Lebanon,2023,February,2,1
Lebanon,2023,March,3,0
Lebanon,2023,April,8,6
Lebanon,2023,May,2,0
Lebanon,2023,June,1,0
Lebanon,2023,July,4,4
Lebanon,2023,August,6,1
Lebanon,2023,September,3,0
Lebanon,2023,October,33,15
Lebanon,2023,November,25,20
Lebanon,2023,December,24,5
Lebanon,2024,January,12,7
Lebanon,2024,February,10,8
Lebanon,2024,March,23,24
Lebanon,2024,April,25,7
Lebanon,2024,May,21,10
Lebanon,2024,June,28,4
Lebanon,2024,July,20,5
Lebanon,2024,August,36,6
Lebanon,2024,September,97,754
Lebanon,2024,October,250,536
Lebanon,2024,November,326,753
Lebanon,2024,December,27,18
Lebanon,2025,January,64,35
Lebanon,2025,February,23,6
Lebanon,2025,March,27,5
Lebanon,2025,April,21,7
Lebanon,2025,May,38,6
Lebanon,2025,June,25,4
Lebanon,2025,July,14,4
Lebanon,2025,August,23,5
Lebanon,2025,September,12,3
Lebanon,2025,October,27,7
Lebanon,2025,November,20,1
Lebanon,2025,December,7,0
Lebanon,2026,January,23,6
Lebanon,2026,February,7,2
Lebanon,2026,March,330,765
Lebanon,2026,April,258,542
Mali,1997,January,0,0
Mali,1997,February,0,0
Mali,1997,March,0,0
Mali,1997,April,0,0
Mali,1997,May,1,0
Mali,1997,June,0,0
Mali,1997,July,0,0
Mali,1997,August,0,0
Mali,1997,September,0,0
Mali,1997,October,0,0
Mali,1997,November,1,0
Mali,1997,December,0,0
Mali,1998,January,0,0
Mali,1998,February,0,0
Mali,1998,March,0,0
Mali,1998,April,0,0
Mali,1998,May,1,0
Mali,1998,June,0,0
Mali,1998,July,0,0
Mali,1998,August,0,0
Mali,1998,September,0,0
Mali,1998,October,0,0
Mali,1998,November,0,0
Mali,1998,December,0,0
Mali,1999,January,0,0
Mali,1999,February,0,0
Mali,1999,March,0,0
Mali,1999,April,0,0
Mali,1999,May,0,0
Mali,1999,June,0,0
Mali,1999,July,0,0
Mali,1999,August,2,9
Mali,1999,September,0,0
Mali,1999,October,0,0
Mali,1999,November,0,0
Mali,1999,December,0,0
Mali,2000,January,1,3
Mali,2000,February,0,0
Mali,2000,March,2,5
Mali,2000,April,0,0
Mali,2000,May,0,0
Mali,2000,June,0,0
Mali,2000,July,0,0
Mali,2000,August,0,0
Mali,2000,September,0,0
Mali,2000,October,0,0
Mali,2000,November,0,0
Mali,2000,December,0,0
Mali,2001,January,1,0
Mali,2001,February,0,0
Mali,2001,March,0,0
Mali,2001,April,0,0
Mali,2001,May,0,0
Mali,2001,June,0,0
Mali,2001,July,0,0
Mali,2001,August,0,0
Mali,2001,September,0,0
Mali,2001,October,1,2
Mali,2001,November,0,0
Mali,2001,December,0,0
Mali,2002,January,0,0
Mali,2002,February,0,0
Mali,2002,March,0,0
Mali,2002,April,0,0
Mali,2002,May,0,0
Mali,2002,June,0,0
Mali,2002,July,0,0
Mali,2002,August,1,5
Mali,2002,September,0,0
Mali,2002,October,0,0
Mali,2002,November,0,0
Mali,2002,December,0,0
Mali,2003,January,0,0
Mali,2003,February,0,0
Mali,2003,March,0,0
Mali,2003,April,0,0
Mali,2003,May,0,0
Mali,2003,June,0,0
Mali,2003,July,0,0
Mali,2003,August,1,13
Mali,2003,September,0,0
Mali,2003,October,0,0
Mali,2003,November,0,0
Mali,2003,December,0,0
Mali,2004,January,0,0
Mali,2004,February,1,0
Mali,2004,March,0,0
Mali,2004,April,0,0
Mali,2004,May,0,0
Mali,2004,June,0,0
Mali,2004,July,0,0
Mali,2004,August,0,0
Mali,2004,September,0,0
Mali,2004,October,0,0
Mali,2004,November,0,0
Mali,2004,December,0,0
Mali,2005,January,0,0
Mali,2005,February,0,0
Mali,2005,March,0,0
Mali,2005,April,0,0
Mali,2005,May,0,0
Mali,2005,June,0,0
Mali,2005,July,0,0
Mali,2005,August,0,0
Mali,2005,September,0,0
Mali,2005,October,0,0
Mali,2005,November,0,0
Mali,2005,December,0,0
Mali,2006,January,0,0
Mali,2006,February,0,0
Mali,2006,March,0,0
Mali,2006,April,0,0
Mali,2006,May,0,0
Mali,2006,June,0,0
Mali,2006,July,0,0
Mali,2006,August,0,0
Mali,2006,September,0,0
Mali,2006,October,0,0
Mali,2006,November,0,0
Mali,2006,December,0,0
Mali,2007,January,0,0
Mali,2007,February,0,0
Mali,2007,March,0,0
Mali,2007,April,0,0
Mali,2007,May,0,0
Mali,2007,June,0,0
Mali,2007,July,0,0
Mali,2007,August,1,0
Mali,2007,September,0,0
Mali,2007,October,1,0
Mali,2007,November,0,0
Mali,2007,December,0,0
Mali,2008,January,0,0
Mali,2008,February,0,0
Mali,2008,March,1,5
Mali,2008,April,1,2
Mali,2008,May,0,0
Mali,2008,June,0,0
Mali,2008,July,0,0
Mali,2008,August,0,0
Mali,2008,September,0,0
Mali,2008,October,1,1
Mali,2008,November,0,0
Mali,2008,December,1,2
Mali,2009,January,1,0
Mali,2009,February,0,0
Mali,2009,March,0,0
Mali,2009,April,0,0
Mali,2009,May,0,0
Mali,2009,June,0,0
Mali,2009,July,0,0
Mali,2009,August,1,10
Mali,2009,September,0,0
Mali,2009,October,0,0
Mali,2009,November,1,0
Mali,2009,December,0,0
Mali,2010,January,1,0
Mali,2010,February,1,1
Mali,2010,March,1,1
Mali,2010,April,0,0
Mali,2010,May,0,0
Mali,2010,June,0,0
Mali,2010,July,0,0
Mali,2010,August,1,1
Mali,2010,September,0,0
Mali,2010,October,0,0
Mali,2010,November,0,0
Mali,2010,December,0,0
Mali,2011,January,1,0
Mali,2011,February,0,0
Mali,2011,March,0,0
Mali,2011,April,0,0
Mali,2011,May,0,0
Mali,2011,June,2,15
Mali,2011,July,0,0
Mali,2011,August,0,0
Mali,2011,September,2,2
Mali,2011,October,1,0
Mali,2011,November,2,1
Mali,2011,December,1,1
Mali,2012,January,2,0
Mali,2012,February,5,3
Mali,2012,March,6,5
Mali,2012,April,10,8
Mali,2012,May,9,8
Mali,2012,June,9,8
Mali,2012,July,14,10
Mali,2012,August,23,16
Mali,2012,September,7,17
Mali,2012,October,7,18
Mali,2012,November,3,3
Mali,2012,December,1,2
Mali,2013,January,23,75
Mali,2013,February,13,22
Mali,2013,March,11,59
Mali,2013,April,4,0
Mali,2013,May,1,0
Mali,2013,June,5,1
Mali,2013,July,3,0
Mali,2013,August,1,1
Mali,2013,September,3,0
Mali,2013,October,1,4
Mali,2013,November,6,31
Mali,2013,December,2,2
Mali,2014,January,1,0
Mali,2014,February,8,31
Mali,2014,March,0,0
Mali,2014,April,3,2
Mali,2014,May,7,5
Mali,2014,June,0,0
Mali,2014,July,1,0
Mali,2014,August,1,0
Mali,2014,September,4,6
Mali,2014,October,0,0
Mali,2014,November,7,5
Mali,2014,December,3,0
Mali,2015,January,3,5
Mali,2015,February,0,0
Mali,2015,March,4,9
Mali,2015,April,10,15
Mali,2015,May,5,7
Mali,2015,June,3,3
Mali,2015,July,2,13
Mali,2015,August,2,11
Mali,2015,September,1,0
Mali,2015,October,2,4
Mali,2015,November,2,4
Mali,2015,December,1,3
Mali,2016,January,2,2
Mali,2016,February,3,4
Mali,2016,March,1,1
Mali,2016,April,7,15
Mali,2016,May,6,14
Mali,2016,June,3,17
Mali,2016,July,3,6
Mali,2016,August,0,0
Mali,2016,September,1,1
Mali,2016,October,4,5
Mali,2016,November,5,9
Mali,2016,December,7,15
Mali,2017,January,11,13
Mali,2017,February,11,41
Mali,2017,March,11,8
Mali,2017,April,12,6
Mali,2017,May,16,11
Mali,2017,June,19,32
Mali,2017,July,14,78
Mali,2017,August,8,10
Mali,2017,September,14,6
Mali,2017,October,9,16
Mali,2017,November,11,11
Mali,2017,December,11,20
Mali,2018,January,5,30
Mali,2018,February,17,33
Mali,2018,March,27,47
Mali,2018,April,18,53
Mali,2018,May,33,97
Mali,2018,June,26,117
Mali,2018,July,34,94
Mali,2018,August,12,32
Mali,2018,September,25,82
Mali,2018,October,35,72
Mali,2018,November,31,85
Mali,2018,December,36,129
Mali,2019,January,25,94
Mali,2019,February,37,102
Mali,2019,March,24,187
Mali,2019,April,33,60
Mali,2019,May,28,44
Mali,2019,June,37,152
Mali,2019,July,22,42
Mali,2019,August,28,34
Mali,2019,September,20,35
Mali,2019,October,15,12
Mali,2019,November,16,32
Mali,2019,December,37,82
Mali,2020,January,26,59
Mali,2020,February,38,168
Mali,2020,March,49,157
Mali,2020,April,38,76
Mali,2020,May,36,144
Mali,2020,June,44,94
Mali,2020,July,45,51
Mali,2020,August,29,26
Mali,2020,September,40,35
Mali,2020,October,40,59
Mali,2020,November,52,59
Mali,2020,December,26,34
Mali,2021,January,36,62
Mali,2021,February,23,17
Mali,2021,March,28,29
Mali,2021,April,51,24
Mali,2021,May,65,72
Mali,2021,June,52,31
Mali,2021,July,76,61
Mali,2021,August,57,71
Mali,2021,September,47,36
Mali,2021,October,31,36
Mali,2021,November,25,17
Mali,2021,December,35,75
Mali,2022,January,26,57
Mali,2022,February,33,72
Mali,2022,March,52,808
Mali,2022,April,51,128
Mali,2022,May,71,140
Mali,2022,June,61,274
Mali,2022,July,53,82
Mali,2022,August,59,128
Mali,2022,September,47,158
Mali,2022,October,68,93
Mali,2022,November,90,135
Mali,2022,December,57,157
Mali,2023,January,86,100
Mali,2023,February,69,109
Mali,2023,March,53,141
Mali,2023,April,78,142
Mali,2023,May,76,167
Mali,2023,June,73,113
Mali,2023,July,61,117
Mali,2023,August,69,160
Mali,2023,September,40,116
Mali,2023,October,91,362
Mali,2023,November,86,243
Mali,2023,December,83,222
Mali,2024,January,82,208
Mali,2024,February,81,234
Mali,2024,March,67,172
Mali,2024,April,70,142
Mali,2024,May,67,190
Mali,2024,June,68,155
Mali,2024,July,41,197
Mali,2024,August,55,133
Mali,2024,September,30,34
Mali,2024,October,66,139
Mali,2024,November,59,89
Mali,2024,December,65,103
Mali,2025,January,71,166
Mali,2025,February,63,143
Mali,2025,March,65,119
Mali,2025,April,43,110
Mali,2025,May,55,89
Mali,2025,June,37,49
Mali,2025,July,39,83
Mali,2025,August,35,36
Mali,2025,September,47,115
Mali,2025,October,51,146
Mali,2025,November,58,98
Mali,2025,December,61,76
Mali,2026,January,63,56
Mali,2026,February,50,62
Mali,2026,March,46,87
Mali,2026,April,27,22
Mozambique,1997,January,0,0
Mozambique,1997,February,0,0
Mozambique,1997,March,0,0
Mozambique,1997,April,0,0
Mozambique,1997,May,0,0
Mozambique,1997,June,0,0
Mozambique,1997,July,2,0
Mozambique,1997,August,0,0
Mozambique,1997,September,0,0
Mozambique,1997,October,0,0
Mozambique,1997,November,1,0
Mozambique,1997,December,0,0
Mozambique,1998,January,0,0
Mozambique,1998,February,0,0
Mozambique,1998,March,0,0
Mozambique,1998,April,0,0
Mozambique,1998,May,0,0
Mozambique,1998,June,0,0
Mozambique,1998,July,0,0
Mozambique,1998,August,0,0
Mozambique,1998,September,0,0
Mozambique,1998,October,1,0
Mozambique,1998,November,0,0
Mozambique,1998,December,0,0
Mozambique,1999,January,0,0
Mozambique,1999,February,0,0
Mozambique,1999,March,0,0
Mozambique,1999,April,0,0
Mozambique,1999,May,0,0
Mozambique,1999,June,0,0
Mozambique,1999,July,0,0
Mozambique,1999,August,0,0
Mozambique,1999,September,0,0
Mozambique,1999,October,0,0
Mozambique,1999,November,1,0
Mozambique,1999,December,0,0
Mozambique,2000,January,3,1
Mozambique,2000,February,0,0
Mozambique,2000,March,0,0
Mozambique,2000,April,0,0
Mozambique,2000,May,0,0
Mozambique,2000,June,0,0
Mozambique,2000,July,0,0
Mozambique,2000,August,0,0
Mozambique,2000,September,0,0
Mozambique,2000,October,0,0
Mozambique,2000,November,2,1
Mozambique,2000,December,0,0
Mozambique,2001,January,0,0
Mozambique,2001,February,0,0
Mozambique,2001,March,0,0
Mozambique,2001,April,0,0
Mozambique,2001,May,0,0
Mozambique,2001,June,0,0
Mozambique,2001,July,0,0
Mozambique,2001,August,0,0
Mozambique,2001,September,0,0
Mozambique,2001,October,0,0
Mozambique,2001,November,0,0
Mozambique,2001,December,0,0
Mozambique,2002,January,0,0
Mozambique,2002,February,0,0
Mozambique,2002,March,1,0
Mozambique,2002,April,1,0
Mozambique,2002,May,0,0
Mozambique,2002,June,0,0
Mozambique,2002,July,0,0
Mozambique,2002,August,0,0
Mozambique,2002,September,0,0
Mozambique,2002,October,0,0
Mozambique,2002,November,0,0
Mozambique,2002,December,0,0
Mozambique,2003,January,1,0
Mozambique,2003,February,1,0
Mozambique,2003,March,0,0
Mozambique,2003,April,1,0
Mozambique,2003,May,2,0
Mozambique,2003,June,0,0
Mozambique,2003,July,0,0
Mozambique,2003,August,1,0
Mozambique,2003,September,0,0
Mozambique,2003,October,0,0
Mozambique,2003,November,4,0
Mozambique,2003,December,3,0
Mozambique,2004,January,1,2
Mozambique,2004,February,1,0
Mozambique,2004,March,1,0
Mozambique,2004,April,6,0
Mozambique,2004,May,0,0
Mozambique,2004,June,0,0
Mozambique,2004,July,0,0
Mozambique,2004,August,0,0
Mozambique,2004,September,1,0
Mozambique,2004,October,5,0
Mozambique,2004,November,5,0
Mozambique,2004,December,3,0
Mozambique,2005,January,2,0
Mozambique,2005,February,0,0
Mozambique,2005,March,0,0
Mozambique,2005,April,1,0
Mozambique,2005,May,2,0
Mozambique,2005,June,0,0
Mozambique,2005,July,0,0
Mozambique,2005,August,1,0
Mozambique,2005,September,0,0
Mozambique,2005,October,1,0
Mozambique,2005,November,0,0
Mozambique,2005,December,0,0
Mozambique,2006,January,0,0
Mozambique,2006,February,0,0
Mozambique,2006,March,1,0
Mozambique,2006,April,1,0
Mozambique,2006,May,0,0
Mozambique,2006,June,1,0
Mozambique,2006,July,1,2
Mozambique,2006,August,0,0
Mozambique,2006,September,0,0
Mozambique,2006,October,0,0
Mozambique,2006,November,0,0
Mozambique,2006,December,0,0
Mozambique,2007,January,0,0
Mozambique,2007,February,0,0
Mozambique,2007,March,1,0
Mozambique,2007,April,1,0
Mozambique,2007,May,0,0
Mozambique,2007,June,0,0
Mozambique,2007,July,0,0
Mozambique,2007,August,0,0
Mozambique,2007,September,0,0
Mozambique,2007,October,0,0
Mozambique,2007,November,1,0
Mozambique,2007,December,1,0
Mozambique,2008,January,1,0
Mozambique,2008,February,0,0
Mozambique,2008,March,0,0
Mozambique,2008,April,1,2
Mozambique,2008,May,0,0
Mozambique,2008,June,0,0
Mozambique,2008,July,1,0
Mozambique,2008,August,0,0
Mozambique,2008,September,0,0
Mozambique,2008,October,0,0
Mozambique,2008,November,2,0
Mozambique,2008,December,2,0
Mozambique,2009,January,0,0
Mozambique,2009,February,0,0
Mozambique,2009,March,0,0
Mozambique,2009,April,0,0
Mozambique,2009,May,0,0
Mozambique,2009,June,2,0
Mozambique,2009,July,0,0
Mozambique,2009,August,2,0
Mozambique,2009,September,8,0
Mozambique,2009,October,11,0
Mozambique,2009,November,2,0
Mozambique,2009,December,1,0
Mozambique,2010,January,1,0
Mozambique,2010,February,1,0
Mozambique,2010,March,2,0
Mozambique,2010,April,1,1
Mozambique,2010,May,2,0
Mozambique,2010,June,0,0
Mozambique,2010,July,1,0
Mozambique,2010,August,0,0
Mozambique,2010,September,0,0
Mozambique,2010,October,1,2
Mozambique,2010,November,0,0
Mozambique,2010,December,0,0
Mozambique,2011,January,2,0
Mozambique,2011,February,2,0
Mozambique,2011,March,0,0
Mozambique,2011,April,1,4
Mozambique,2011,May,0,0
Mozambique,2011,June,0,0
Mozambique,2011,July,0,0
Mozambique,2011,August,0,0
Mozambique,2011,September,0,0
Mozambique,2011,October,0,0
Mozambique,2011,November,0,0
Mozambique,2011,December,0,0
Mozambique,2012,January,1,0
Mozambique,2012,February,1,0
Mozambique,2012,March,1,1
Mozambique,2012,April,0,0
Mozambique,2012,May,0,0
Mozambique,2012,June,7,3
Mozambique,2012,July,3,2
Mozambique,2012,August,0,0
Mozambique,2012,September,1,0
Mozambique,2012,October,1,1
Mozambique,2012,November,0,0
Mozambique,2012,December,0,0
Mozambique,2013,January,1,0
Mozambique,2013,February,0,0
Mozambique,2013,March,4,3
Mozambique,2013,April,1,2
Mozambique,2013,May,0,0
Mozambique,2013,June,4,6
Mozambique,2013,July,2,0
Mozambique,2013,August,0,0
Mozambique,2013,September,1,0
Mozambique,2013,October,8,4
Mozambique,2013,November,12,5
Mozambique,2013,December,7,7
Mozambique,2014,January,10,4
Mozambique,2014,February,2,3
Mozambique,2014,March,1,0
Mozambique,2014,April,3,0
Mozambique,2014,May,3,1
Mozambique,2014,June,7,2
Mozambique,2014,July,0,0
Mozambique,2014,August,1,1
Mozambique,2014,September,4,0
Mozambique,2014,October,3,2
Mozambique,2014,November,0,0
Mozambique,2014,December,1,0
Mozambique,2015,January,0,0
Mozambique,2015,February,1,2
Mozambique,2015,March,0,0
Mozambique,2015,April,0,0
Mozambique,2015,May,0,0
Mozambique,2015,June,1,0
Mozambique,2015,July,0,0
Mozambique,2015,August,0,0
Mozambique,2015,September,2,2
Mozambique,2015,October,0,0
Mozambique,2015,November,0,0
Mozambique,2015,December,1,0
Mozambique,2016,January,1,1
Mozambique,2016,February,7,2
Mozambique,2016,March,3,2
Mozambique,2016,April,5,19
Mozambique,2016,May,4,2
Mozambique,2016,June,4,1
Mozambique,2016,July,1,1
Mozambique,2016,August,4,13
Mozambique,2016,September,6,6
Mozambique,2016,October,11,8
Mozambique,2016,November,1,1
Mozambique,2016,December,9,2
Mozambique,2017,January,11,10
Mozambique,2017,February,5,8
Mozambique,2017,March,7,8
Mozambique,2017,April,5,6
Mozambique,2017,May,6,8
Mozambique,2017,June,7,10
Mozambique,2017,July,5,6
Mozambique,2017,August,4,5
Mozambique,2017,September,3,4
Mozambique,2017,October,6,8
Mozambique,2017,November,7,6
Mozambique,2017,December,3,4
Mozambique,2018,January,6,10
Mozambique,2018,February,2,0
Mozambique,2018,March,4,3
Mozambique,2018,April,4,5
Mozambique,2018,May,6,15
Mozambique,2018,June,12,43
Mozambique,2018,July,6,15
Mozambique,2018,August,5,2
Mozambique,2018,September,6,16
Mozambique,2018,October,10,8
Mozambique,2018,November,8,23
Mozambique,2018,December,14,31
Mozambique,2019,January,14,27
Mozambique,2019,February,11,29
Mozambique,2019,March,11,22
Mozambique,2019,April,7,5
Mozambique,2019,May,24,30
Mozambique,2019,June,9,30
Mozambique,2019,July,21,25
Mozambique,2019,August,25,36
Mozambique,2019,September,44,42
Mozambique,2019,October,26,28
Mozambique,2019,November,34,68
Mozambique,2019,December,26,36
Mozambique,2020,January,29,34
Mozambique,2020,February,33,42
Mozambique,2020,March,28,25
Mozambique,2020,April,36,133
Mozambique,2020,May,42,79
Mozambique,2020,June,46,144
Mozambique,2020,July,34,82
Mozambique,2020,August,25,70
Mozambique,2020,September,43,79
Mozambique,2020,October,34,29
Mozambique,2020,November,23,63
Mozambique,2020,December,25,47
Mozambique,2021,January,14,27
Mozambique,2021,February,12,21
Mozambique,2021,March,25,230
Mozambique,2021,April,12,26
Mozambique,2021,May,15,21
Mozambique,2021,June,15,29
Mozambique,2021,July,18,31
Mozambique,2021,August,9,19
Mozambique,2021,September,18,48
Mozambique,2021,October,13,20
Mozambique,2021,November,20,27
Mozambique,2021,December,18,17
Mozambique,2022,January,36,52
Mozambique,2022,February,24,40
Mozambique,2022,March,17,33
Mozambique,2022,April,10,10
Mozambique,2022,May,36,27
Mozambique,2022,June,49,61
Mozambique,2022,July,21,22
Mozambique,2022,August,42,52
Mozambique,2022,September,28,61
Mozambique,2022,October,30,54
Mozambique,2022,November,25,26
Mozambique,2022,December,15,22
Mozambique,2023,January,8,4
Mozambique,2023,February,12,13
Mozambique,2023,March,11,6
Mozambique,2023,April,2,0
Mozambique,2023,May,9,4
Mozambique,2023,June,11,12
Mozambique,2023,July,10,12
Mozambique,2023,August,4,4
Mozambique,2023,September,15,15
Mozambique,2023,October,23,6
Mozambique,2023,November,13,10
Mozambique,2023,December,14,10
Mozambique,2024,January,26,64
Mozambique,2024,February,25,25
Mozambique,2024,March,7,13
Mozambique,2024,April,18,27
Mozambique,2024,May,20,14
Mozambique,2024,June,15,13
Mozambique,2024,July,12,9
Mozambique,2024,August,13,1
Mozambique,2024,September,22,11
Mozambique,2024,October,25,20
Mozambique,2024,November,37,29
Mozambique,2024,December,26,33
Mozambique,2025,January,33,32
Mozambique,2025,February,21,27
Mozambique,2025,March,26,25
Mozambique,2025,April,17,7
Mozambique,2025,May,5,5
Mozambique,2025,June,11,11
Mozambique,2025,July,25,29
Mozambique,2025,August,25,27
Mozambique,2025,September,31,66
Mozambique,2025,October,21,33
Mozambique,2025,November,35,67
Mozambique,2025,December,10,15
Mozambique,2026,January,9,5
Mozambique,2026,February,13,1
Mozambique,2026,March,5,17
Mozambique,2026,April,9,4
Myanmar,2010,January,7,3
Myanmar,2010,February,9,6
Myanmar,2010,March,7,15
Myanmar,2010,April,8,15
Myanmar,2010,May,5,4
Myanmar,2010,June,0,0
Myanmar,2010,July,6,4
Myanmar,2010,August,3,3
Myanmar,2010,September,5,3
Myanmar,2010,October,3,3
Myanmar,2010,November,9,4
Myanmar,2010,December,4,9
Myanmar,2011,January,1,1
Myanmar,2011,February,3,5
Myanmar,2011,March,11,4
Myanmar,2011,April,9,11
Myanmar,2011,May,3,1
Myanmar,2011,June,27,32
Myanmar,2011,July,5,4
Myanmar,2011,August,10,11
Myanmar,2011,September,9,5
Myanmar,2011,October,31,24
Myanmar,2011,November,15,28
Myanmar,2011,December,12,6
Myanmar,2012,January,8,12
Myanmar,2012,February,1,2
Myanmar,2012,March,12,3
Myanmar,2012,April,7,6
Myanmar,2012,May,8,4
Myanmar,2012,June,27,63
Myanmar,2012,July,15,17
Myanmar,2012,August,9,3
Myanmar,2012,September,5,2
Myanmar,2012,October,15,67
Myanmar,2012,November,4,1
Myanmar,2012,December,8,1
Myanmar,2013,January,8,12
Myanmar,2013,February,7,5
Myanmar,2013,March,17,38
Myanmar,2013,April,11,11
Myanmar,2013,May,7,4
Myanmar,2013,June,5,3
Myanmar,2013,July,5,2
Myanmar,2013,August,8,3
Myanmar,2013,September,11,5
Myanmar,2013,October,15,15
Myanmar,2013,November,12,6
Myanmar,2013,December,5,9
Myanmar,2014,January,14,53
Myanmar,2014,February,1,0
Myanmar,2014,March,10,1
Myanmar,2014,April,7,0
Myanmar,2014,May,15,6
Myanmar,2014,June,7,5
Myanmar,2014,July,11,4
Myanmar,2014,August,7,2
Myanmar,2014,September,6,6
Myanmar,2014,October,15,14
Myanmar,2014,November,9,4
Myanmar,2014,December,5,6
Myanmar,2015,January,14,12
Myanmar,2015,February,16,108
Myanmar,2015,March,7,7
Myanmar,2015,April,16,7
Myanmar,2015,May,7,3
Myanmar,2015,June,6,2
Myanmar,2015,July,4,2
Myanmar,2015,August,4,1
Myanmar,2015,September,7,1
Myanmar,2015,October,16,5
Myanmar,2015,November,19,22
Myanmar,2015,December,8,3
Myanmar,2016,January,9,2
Myanmar,2016,February,10,15
Myanmar,2016,March,15,4
Myanmar,2016,April,2,0
Myanmar,2016,May,21,28
Myanmar,2016,June,15,27
Myanmar,2016,July,11,8
Myanmar,2016,August,8,6
Myanmar,2016,September,5,4
Myanmar,2016,October,25,33
Myanmar,2016,November,46,129
Myanmar,2016,December,38,45
Myanmar,2017,January,14,13
Myanmar,2017,February,10,7
Myanmar,2017,March,7,3
Myanmar,2017,April,7,6
Myanmar,2017,May,13,10
Myanmar,2017,June,8,7
Myanmar,2017,July,17,10
Myanmar,2017,August,95,974
Myanmar,2017,September,14,46
Myanmar,2017,October,9,3
Myanmar,2017,November,5,3
Myanmar,2017,December,23,8
Myanmar,2018,January,13,21
Myanmar,2018,February,8,3
Myanmar,2018,March,12,2
Myanmar,2018,April,16,10
Myanmar,2018,May,17,11
Myanmar,2018,June,8,5
Myanmar,2018,July,15,9
Myanmar,2018,August,19,8
Myanmar,2018,September,23,12
Myanmar,2018,October,29,7
Myanmar,2018,November,13,5
Myanmar,2018,December,19,8
Myanmar,2019,January,20,3
Myanmar,2019,February,21,18
Myanmar,2019,March,46,24
Myanmar,2019,April,18,24
Myanmar,2019,May,35,24
Myanmar,2019,June,27,16
Myanmar,2019,July,19,10
Myanmar,2019,August,28,16
Myanmar,2019,September,34,12
Myanmar,2019,October,53,14
Myanmar,2019,November,32,13
Myanmar,2019,December,42,22
Myanmar,2020,January,52,27
Myanmar,2020,February,46,17
Myanmar,2020,March,70,59
Myanmar,2020,April,41,48
Myanmar,2020,May,42,14
Myanmar,2020,June,37,13
Myanmar,2020,July,38,16
Myanmar,2020,August,40,22
Myanmar,2020,September,48,22
Myanmar,2020,October,60,19
Myanmar,2020,November,23,7
Myanmar,2020,December,15,3
Myanmar,2021,January,34,13
Myanmar,2021,February,54,33
Myanmar,2021,March,318,453
Myanmar,2021,April,165,187
Myanmar,2021,May,254,166
Myanmar,2021,June,264,203
Myanmar,2021,July,201,197
Myanmar,2021,August,229,148
Myanmar,2021,September,321,285
Myanmar,2021,October,349,283
Myanmar,2021,November,311,285
Myanmar,2021,December,286,292
Myanmar,2022,January,315,319
Myanmar,2022,February,216,234
Myanmar,2022,March,243,253
Myanmar,2022,April,297,266
Myanmar,2022,May,328,359
Myanmar,2022,June,316,300
Myanmar,2022,July,309,278
Myanmar,2022,August,323,355
Myanmar,2022,September,297,199
Myanmar,2022,October,335,336
Myanmar,2022,November,320,253
Myanmar,2022,December,232,220
Myanmar,2023,January,291,265
Myanmar,2023,February,255,234
Myanmar,2023,March,308,308
Myanmar,2023,April,255,375
Myanmar,2023,May,277,264
Myanmar,2023,June,298,281
Myanmar,2023,July,313,271
Myanmar,2023,August,303,224
Myanmar,2023,September,295,258
Myanmar,2023,October,281,290
Myanmar,2023,November,367,358
Myanmar,2023,December,382,337
Myanmar,2024,January,351,468
Myanmar,2024,February,304,314
Myanmar,2024,March,374,333
Myanmar,2024,April,335,274
Myanmar,2024,May,342,412
Myanmar,2024,June,299,361
Myanmar,2024,July,322,407
Myanmar,2024,August,301,479
Myanmar,2024,September,282,287
Myanmar,2024,October,327,338
Myanmar,2024,November,298,278
Myanmar,2024,December,364,201
Myanmar,2025,January,346,293
Myanmar,2025,February,343,269
Myanmar,2025,March,309,268
Myanmar,2025,April,308,293
Myanmar,2025,May,290,324
Myanmar,2025,June,282,222
Myanmar,2025,July,259,264
Myanmar,2025,August,340,402
Myanmar,2025,September,326,278
Myanmar,2025,October,367,307
Myanmar,2025,November,266,194
Myanmar,2025,December,242,294
Myanmar,2026,January,287,221
Myanmar,2026,February,297,194
Myanmar,2026,March,292,520
Myanmar,2026,April,119,83
Niger,1997,January,1,1
Niger,1997,February,2,0
Niger,1997,March,0,0
Niger,1997,April,0,0
Niger,1997,May,0,0
Niger,1997,June,1,0
Niger,1997,July,1,12
Niger,1997,August,0,0
Niger,1997,September,0,0
Niger,1997,October,1,0
Niger,1997,November,1,0
Niger,1997,December,0,0
Niger,1998,January,1,1
Niger,1998,February,1,0
Niger,1998,March,0,0
Niger,1998,April,1,0
Niger,1998,May,0,0
Niger,1998,June,0,0
Niger,1998,July,0,0
Niger,1998,August,0,0
Niger,1998,September,0,0
Niger,1998,October,0,0
Niger,1998,November,0,0
Niger,1998,December,1,150
Niger,1999,January,0,0
Niger,1999,February,0,0
Niger,1999,March,1,0
Niger,1999,April,1,0
Niger,1999,May,0,0
Niger,1999,June,0,0
Niger,1999,July,0,0
Niger,1999,August,0,0
Niger,1999,September,0,0
Niger,1999,October,1,0
Niger,1999,November,0,0
Niger,1999,December,0,0
Niger,2000,January,0,0
Niger,2000,February,0,0
Niger,2000,March,0,0
Niger,2000,April,0,0
Niger,2000,May,0,0
Niger,2000,June,1,0
Niger,2000,July,0,0
Niger,2000,August,0,0
Niger,2000,September,0,0
Niger,2000,October,0,0
Niger,2000,November,0,0
Niger,2000,December,0,0
Niger,2001,January,1,0
Niger,2001,February,0,0
Niger,2001,March,1,0
Niger,2001,April,0,0
Niger,2001,May,0,0
Niger,2001,June,0,0
Niger,2001,July,0,0
Niger,2001,August,0,0
Niger,2001,September,0,0
Niger,2001,October,0,0
Niger,2001,November,0,0
Niger,2001,December,0,0
Niger,2002,January,0,0
Niger,2002,February,1,1
Niger,2002,March,0,0
Niger,2002,April,0,0
Niger,2002,May,0,0
Niger,2002,June,0,0
Niger,2002,July,0,0
Niger,2002,August,3,72
Niger,2002,September,0,0
Niger,2002,October,0,0
Niger,2002,November,0,0
Niger,2002,December,0,0
Niger,2003,January,0,0
Niger,2003,February,0,0
Niger,2003,March,0,0
Niger,2003,April,0,0
Niger,2003,May,0,0
Niger,2003,June,0,0
Niger,2003,July,0,0
Niger,2003,August,0,0
Niger,2003,September,0,0
Niger,2003,October,0,0
Niger,2003,November,0,0
Niger,2003,December,0,0
Niger,2004,January,0,0
Niger,2004,February,0,0
Niger,2004,March,0,0
Niger,2004,April,0,0
Niger,2004,May,0,0
Niger,2004,June,1,0
Niger,2004,July,1,0
Niger,2004,August,1,0
Niger,2004,September,0,0
Niger,2004,October,0,0
Niger,2004,November,0,0
Niger,2004,December,0,0
Niger,2005,January,0,0
Niger,2005,February,0,0
Niger,2005,March,0,0
Niger,2005,April,0,0
Niger,2005,May,0,0
Niger,2005,June,0,0
Niger,2005,July,0,0
Niger,2005,August,0,0
Niger,2005,September,0,0
Niger,2005,October,0,0
Niger,2005,November,1,0
Niger,2005,December,1,1
Niger,2006,January,0,0
Niger,2006,February,0,0
Niger,2006,March,0,0
Niger,2006,April,0,0
Niger,2006,May,0,0
Niger,2006,June,0,0
Niger,2006,July,0,0
Niger,2006,August,2,0
Niger,2006,September,0,0
Niger,2006,October,0,0
Niger,2006,November,0,0
Niger,2006,December,0,0
Niger,2007,January,0,0
Niger,2007,February,0,0
Niger,2007,March,0,0
Niger,2007,April,0,0
Niger,2007,May,0,0
Niger,2007,June,2,0
Niger,2007,July,1,0
Niger,2007,August,3,2
Niger,2007,September,1,2
Niger,2007,October,0,0
Niger,2007,November,1,0
Niger,2007,December,2,8
Niger,2008,January,3,4
Niger,2008,February,0,0
Niger,2008,March,0,0
Niger,2008,April,0,0
Niger,2008,May,1,0
Niger,2008,June,2,0
Niger,2008,July,1,0
Niger,2008,August,0,0
Niger,2008,September,0,0
Niger,2008,October,0,0
Niger,2008,November,0,0
Niger,2008,December,1,0
Niger,2009,January,1,0
Niger,2009,February,0,0
Niger,2009,March,1,0
Niger,2009,April,0,0
Niger,2009,May,0,0
Niger,2009,June,0,0
Niger,2009,July,0,0
Niger,2009,August,0,0
Niger,2009,September,0,0
Niger,2009,October,0,0
Niger,2009,November,0,0
Niger,2009,December,2,5
Niger,2010,January,0,0
Niger,2010,February,0,0
Niger,2010,March,0,0
Niger,2010,April,1,0
Niger,2010,May,0,0
Niger,2010,June,0,0
Niger,2010,July,1,1
Niger,2010,August,0,0
Niger,2010,September,2,0
Niger,2010,October,0,0
Niger,2010,November,0,0
Niger,2010,December,0,0
Niger,2011,January,0,0
Niger,2011,February,0,0
Niger,2011,March,0,0
Niger,2011,April,0,0
Niger,2011,May,0,0
Niger,2011,June,0,0
Niger,2011,July,0,0
Niger,2011,August,0,0
Niger,2011,September,0,0
Niger,2011,October,0,0
Niger,2011,November,0,0
Niger,2011,December,0,0
Niger,2012,January,0,0
Niger,2012,February,0,0
Niger,2012,March,1,1
Niger,2012,April,0,0
Niger,2012,May,1,7
Niger,2012,June,0,0
Niger,2012,July,0,0
Niger,2012,August,1,0
Niger,2012,September,0,0
Niger,2012,October,2,0
Niger,2012,November,0,0
Niger,2012,December,0,0
Niger,2013,January,0,0
Niger,2013,February,0,0
Niger,2013,March,0,0
Niger,2013,April,0,0
Niger,2013,May,1,0
Niger,2013,June,1,4
Niger,2013,July,0,0
Niger,2013,August,0,0
Niger,2013,September,1,0
Niger,2013,October,0,0
Niger,2013,November,0,0
Niger,2013,December,0,0
Niger,2014,January,0,0
Niger,2014,February,0,0
Niger,2014,March,0,0
Niger,2014,April,0,0
Niger,2014,May,2,0
Niger,2014,June,0,0
Niger,2014,July,0,0
Niger,2014,August,0,0
Niger,2014,September,0,0
Niger,2014,October,0,0
Niger,2014,November,1,0
Niger,2014,December,0,0
Niger,2015,January,1,0
Niger,2015,February,4,45
Niger,2015,March,5,21
Niger,2015,April,0,0
Niger,2015,May,1,5
Niger,2015,June,3,44
Niger,2015,July,2,15
Niger,2015,August,0,0
Niger,2015,September,1,15
Niger,2015,October,2,15
Niger,2015,November,1,4
Niger,2015,December,0,0
Niger,2016,January,0,0
Niger,2016,February,0,0
Niger,2016,March,0,0
Niger,2016,April,1,3
Niger,2016,May,2,15
Niger,2016,June,1,1
Niger,2016,July,0,0
Niger,2016,August,1,5
Niger,2016,September,1,2
Niger,2016,October,0,0
Niger,2016,November,1,3
Niger,2016,December,0,0
Niger,2017,January,0,0
Niger,2017,February,0,0
Niger,2017,March,0,0
Niger,2017,April,0,0
Niger,2017,May,0,0
Niger,2017,June,1,5
Niger,2017,July,7,31
Niger,2017,August,1,0
Niger,2017,September,3,1
Niger,2017,October,1,1
Niger,2017,November,0,0
Niger,2017,December,0,0
Niger,2018,January,0,0
Niger,2018,February,7,7
Niger,2018,March,2,6
Niger,2018,April,6,56
Niger,2018,May,3,20
Niger,2018,June,9,24
Niger,2018,July,3,2
Niger,2018,August,3,1
Niger,2018,September,6,7
Niger,2018,October,5,4
Niger,2018,November,9,14
Niger,2018,December,14,11
Niger,2019,January,15,15
Niger,2019,February,13,15
Niger,2019,March,18,40
Niger,2019,April,14,19
Niger,2019,May,23,30
Niger,2019,June,25,21
Niger,2019,July,18,8
Niger,2019,August,13,20
Niger,2019,September,8,3
Niger,2019,October,14,13
Niger,2019,November,15,12
Niger,2019,December,16,6
Niger,2020,January,29,32
Niger,2020,February,22,30
Niger,2020,March,34,123
Niger,2020,April,11,12
Niger,2020,May,17,54
Niger,2020,June,19,9
Niger,2020,July,24,36
Niger,2020,August,23,18
Niger,2020,September,18,8
Niger,2020,October,23,11
Niger,2020,November,36,18
Niger,2020,December,32,69
Niger,2021,January,17,117
Niger,2021,February,12,14
Niger,2021,March,30,247
Niger,2021,April,15,72
Niger,2021,May,20,41
Niger,2021,June,13,32
Niger,2021,July,24,36
Niger,2021,August,21,99
Niger,2021,September,7,12
Niger,2021,October,26,29
Niger,2021,November,4,10
Niger,2021,December,25,56
Niger,2022,January,31,29
Niger,2022,February,10,35
Niger,2022,March,13,49
Niger,2022,April,17,13
Niger,2022,May,24,39
Niger,2022,June,21,19
Niger,2022,July,45,18
Niger,2022,August,47,30
Niger,2022,September,57,50
Niger,2022,October,53,51
Niger,2022,November,40,28
Niger,2022,December,48,30
Niger,2023,January,39,40
Niger,2023,February,28,27
Niger,2023,March,31,20
Niger,2023,April,20,23
Niger,2023,May,32,17
Niger,2023,June,26,35
Niger,2023,July,12,24
Niger,2023,August,30,114
Niger,2023,September,11,17
Niger,2023,October,15,53
Niger,2023,November,19,16
Niger,2023,December,14,32
Niger,2024,January,20,17
Niger,2024,February,34,42
Niger,2024,March,21,15
Niger,2024,April,14,25
Niger,2024,May,16,64
Niger,2024,June,12,53
Niger,2024,July,17,29
Niger,2024,August,18,48
Niger,2024,September,7,6
Niger,2024,October,13,4
Niger,2024,November,8,19
Niger,2024,December,11,84
Niger,2025,January,26,28
Niger,2025,February,12,22
Niger,2025,March,17,68
Niger,2025,April,19,34
Niger,2025,May,30,98
Niger,2025,June,31,206
Niger,2025,July,32,155
Niger,2025,August,23,57
Niger,2025,September,14,77
Niger,2025,October,22,43
Niger,2025,November,21,14
Niger,2025,December,15,21
Niger,2026,January,24,86
Niger,2026,February,17,46
Niger,2026,March,31,129
Niger,2026,April,15,35
Nigeria,1997,January,4,0
Nigeria,1997,February,5,5
Nigeria,1997,March,7,6
Nigeria,1997,April,3,47
Nigeria,1997,May,4,9
Nigeria,1997,June,1,5
Nigeria,1997,July,3,4
Nigeria,1997,August,1,0
Nigeria,1997,September,4,6
Nigeria,1997,October,2,0
Nigeria,1997,November,2,0
Nigeria,1997,December,6,1
Nigeria,1998,January,4,0
Nigeria,1998,February,3,26
Nigeria,1998,March,3,41
Nigeria,1998,April,7,13
Nigeria,1998,May,5,37
Nigeria,1998,June,1,0
Nigeria,1998,July,5,26
Nigeria,1998,August,2,4
Nigeria,1998,September,1,13
Nigeria,1998,October,6,701
Nigeria,1998,November,6,36
Nigeria,1998,December,6,1
Nigeria,1999,January,2,5
Nigeria,1999,February,2,0
Nigeria,1999,March,3,1
Nigeria,1999,April,2,16
Nigeria,1999,May,5,10
Nigeria,1999,June,15,134
Nigeria,1999,July,7,11
Nigeria,1999,August,5,226
Nigeria,1999,September,5,23
Nigeria,1999,October,2,4
Nigeria,1999,November,5,25
Nigeria,1999,December,5,8
Nigeria,2000,January,3,6
Nigeria,2000,February,1,0
Nigeria,2000,March,5,6
Nigeria,2000,April,2,1
Nigeria,2000,May,12,112
Nigeria,2000,June,5,38
Nigeria,2000,July,3,1
Nigeria,2000,August,3,1
Nigeria,2000,September,1,1
Nigeria,2000,October,3,4
Nigeria,2000,November,6,25
Nigeria,2000,December,1,0
Nigeria,2001,January,2,3
Nigeria,2001,February,2,1
Nigeria,2001,March,1,0
Nigeria,2001,April,3,0
Nigeria,2001,May,3,17
Nigeria,2001,June,1,0
Nigeria,2001,July,3,23
Nigeria,2001,August,7,5
Nigeria,2001,September,7,12
Nigeria,2001,October,11,197
Nigeria,2001,November,5,54
Nigeria,2001,December,7,10
Nigeria,2002,January,2,0
Nigeria,2002,February,4,24
Nigeria,2002,March,5,22
Nigeria,2002,April,2,6
Nigeria,2002,May,10,27
Nigeria,2002,June,8,64
Nigeria,2002,July,8,22
Nigeria,2002,August,3,2
Nigeria,2002,September,8,13
Nigeria,2002,October,3,11
Nigeria,2002,November,6,88
Nigeria,2002,December,4,4
Nigeria,2003,January,9,18
Nigeria,2003,February,8,175
Nigeria,2003,March,15,18
Nigeria,2003,April,7,22
Nigeria,2003,May,10,25
Nigeria,2003,June,5,13
Nigeria,2003,July,10,31
Nigeria,2003,August,5,17
Nigeria,2003,September,5,24
Nigeria,2003,October,4,15
Nigeria,2003,November,6,10
Nigeria,2003,December,3,55
Nigeria,2004,January,8,3
Nigeria,2004,February,10,147
Nigeria,2004,March,13,51
Nigeria,2004,April,11,0
Nigeria,2004,May,15,1961
Nigeria,2004,June,6,0
Nigeria,2004,July,8,11
Nigeria,2004,August,6,0
Nigeria,2004,September,4,21
Nigeria,2004,October,4,0
Nigeria,2004,November,10,7
Nigeria,2004,December,6,3
Nigeria,2005,January,4,0
Nigeria,2005,February,4,4
Nigeria,2005,March,2,0
Nigeria,2005,April,7,10
Nigeria,2005,May,6,3
Nigeria,2005,June,6,9
Nigeria,2005,July,6,2
Nigeria,2005,August,5,10
Nigeria,2005,September,4,2
Nigeria,2005,October,5,10
Nigeria,2005,November,1,1
Nigeria,2005,December,4,0
Nigeria,2006,January,1,1
Nigeria,2006,February,8,33
Nigeria,2006,March,4,7
Nigeria,2006,April,2,1
Nigeria,2006,May,2,0
Nigeria,2006,June,4,0
Nigeria,2006,July,4,0
Nigeria,2006,August,6,0
Nigeria,2006,September,1,1
Nigeria,2006,October,5,7
Nigeria,2006,November,4,3
Nigeria,2006,December,5,0
Nigeria,2007,January,18,36
Nigeria,2007,February,11,3
Nigeria,2007,March,10,2
Nigeria,2007,April,12,9
Nigeria,2007,May,10,2
Nigeria,2007,June,11,13
Nigeria,2007,July,16,9
Nigeria,2007,August,5,6
Nigeria,2007,September,10,4
Nigeria,2007,October,10,2
Nigeria,2007,November,2,1
Nigeria,2007,December,8,65
Nigeria,2008,January,6,3
Nigeria,2008,February,6,31
Nigeria,2008,March,6,4
Nigeria,2008,April,5,4
Nigeria,2008,May,8,11
Nigeria,2008,June,8,5
Nigeria,2008,July,3,1
Nigeria,2008,August,8,15
Nigeria,2008,September,7,1
Nigeria,2008,October,7,10
Nigeria,2008,November,7,3
Nigeria,2008,December,8,10
Nigeria,2009,January,6,0
Nigeria,2009,February,4,13
Nigeria,2009,March,9,4
Nigeria,2009,April,3,0
Nigeria,2009,May,10,1002
Nigeria,2009,June,4,1
Nigeria,2009,July,12,8
Nigeria,2009,August,1,0
Nigeria,2009,September,7,7
Nigeria,2009,October,1,1
Nigeria,2009,November,7,5
Nigeria,2009,December,6,10
Nigeria,2010,January,33,732
Nigeria,2010,February,16,18
Nigeria,2010,March,33,348
Nigeria,2010,April,25,194
Nigeria,2010,May,15,17
Nigeria,2010,June,10,7
Nigeria,2010,July,8,17
Nigeria,2010,August,9,4
Nigeria,2010,September,7,8
Nigeria,2010,October,9,28
Nigeria,2010,November,10,6
Nigeria,2010,December,15,65
Nigeria,2011,January,22,82
Nigeria,2011,February,11,48
Nigeria,2011,March,19,43
Nigeria,2011,April,42,1193
Nigeria,2011,May,9,28
Nigeria,2011,June,10,45
Nigeria,2011,July,10,124
Nigeria,2011,August,15,61
Nigeria,2011,September,11,36
Nigeria,2011,October,7,3
Nigeria,2011,November,13,146
Nigeria,2011,December,11,79
Nigeria,2012,January,35,271
Nigeria,2012,February,22,71
Nigeria,2012,March,17,43
Nigeria,2012,April,38,212
Nigeria,2012,May,30,137
Nigeria,2012,June,37,205
Nigeria,2012,July,37,324
Nigeria,2012,August,26,39
Nigeria,2012,September,31,55
Nigeria,2012,October,47,290
Nigeria,2012,November,41,191
Nigeria,2012,December,43,110
Nigeria,2013,January,21,79
Nigeria,2013,February,30,109
Nigeria,2013,March,45,280
Nigeria,2013,April,37,83
Nigeria,2013,May,24,103
Nigeria,2013,June,25,171
Nigeria,2013,July,30,236
Nigeria,2013,August,31,244
Nigeria,2013,September,64,361
Nigeria,2013,October,20,146
Nigeria,2013,November,41,233
Nigeria,2013,December,27,81
Nigeria,2014,January,52,359
Nigeria,2014,February,51,560
Nigeria,2014,March,54,1237
Nigeria,2014,April,51,868
Nigeria,2014,May,59,848
Nigeria,2014,June,65,752
Nigeria,2014,July,63,608
Nigeria,2014,August,33,290
Nigeria,2014,September,48,241
Nigeria,2014,October,52,234
Nigeria,2014,November,36,607
Nigeria,2014,December,42,400
Nigeria,2015,January,51,2732
Nigeria,2015,February,67,366
Nigeria,2015,March,69,500
Nigeria,2015,April,63,218
Nigeria,2015,May,58,474
Nigeria,2015,June,34,339
Nigeria,2015,July,55,893
Nigeria,2015,August,42,306
Nigeria,2015,September,36,432
Nigeria,2015,October,35,278
Nigeria,2015,November,19,126
Nigeria,2015,December,31,331
Nigeria,2016,January,29,242
Nigeria,2016,February,32,494
Nigeria,2016,March,37,170
Nigeria,2016,April,38,244
Nigeria,2016,May,38,239
Nigeria,2016,June,30,210
Nigeria,2016,July,31,148
Nigeria,2016,August,21,61
Nigeria,2016,September,23,73
Nigeria,2016,October,22,80
Nigeria,2016,November,22,99
Nigeria,2016,December,36,141
Nigeria,2017,January,61,413
Nigeria,2017,February,35,86
Nigeria,2017,March,31,123
Nigeria,2017,April,34,119
Nigeria,2017,May,36,171
Nigeria,2017,June,31,113
Nigeria,2017,July,25,148
Nigeria,2017,August,51,259
Nigeria,2017,September,46,321
Nigeria,2017,October,41,199
Nigeria,2017,November,50,213
Nigeria,2017,December,46,187
Nigeria,2018,January,117,409
Nigeria,2018,February,54,149
Nigeria,2018,March,67,336
Nigeria,2018,April,94,575
Nigeria,2018,May,84,328
Nigeria,2018,June,81,417
Nigeria,2018,July,84,332
Nigeria,2018,August,41,146
Nigeria,2018,September,37,105
Nigeria,2018,October,37,86
Nigeria,2018,November,34,48
Nigeria,2018,December,54,153
Nigeria,2019,January,48,129
Nigeria,2019,February,131,352
Nigeria,2019,March,86,352
Nigeria,2019,April,75,280
Nigeria,2019,May,68,274
Nigeria,2019,June,91,447
Nigeria,2019,July,70,181
Nigeria,2019,August,51,86
Nigeria,2019,September,50,88
Nigeria,2019,October,60,40
Nigeria,2019,November,63,75
Nigeria,2019,December,74,120
Nigeria,2020,January,116,264
Nigeria,2020,February,84,172
Nigeria,2020,March,95,228
Nigeria,2020,April,135,220
Nigeria,2020,May,178,386
Nigeria,2020,June,148,369
Nigeria,2020,July,127,247
Nigeria,2020,August,107,179
Nigeria,2020,September,112,109
Nigeria,2020,October,129,227
Nigeria,2020,November,129,210
Nigeria,2020,December,143,198
Nigeria,2021,January,152,250
Nigeria,2021,February,157,333
Nigeria,2021,March,164,301
Nigeria,2021,April,155,339
Nigeria,2021,May,148,451
Nigeria,2021,June,157,454
Nigeria,2021,July,169,325
Nigeria,2021,August,181,477
Nigeria,2021,September,160,292
Nigeria,2021,October,153,273
Nigeria,2021,November,163,345
Nigeria,2021,December,158,277
Nigeria,2022,January,221,530
Nigeria,2022,February,198,355
Nigeria,2022,March,216,504
Nigeria,2022,April,172,468
Nigeria,2022,May,153,362
Nigeria,2022,June,179,354
Nigeria,2022,July,195,309
Nigeria,2022,August,150,167
Nigeria,2022,September,157,149
Nigeria,2022,October,195,187
Nigeria,2022,November,196,263
Nigeria,2022,December,204,356
Nigeria,2023,January,184,206
Nigeria,2023,February,153,122
Nigeria,2023,March,185,254
Nigeria,2023,April,143,266
Nigeria,2023,May,148,265
Nigeria,2023,June,184,407
Nigeria,2023,July,181,247
Nigeria,2023,August,180,203
Nigeria,2023,September,170,172
Nigeria,2023,October,195,226
Nigeria,2023,November,172,236
Nigeria,2023,December,179,377
Nigeria,2024,January,178,292
Nigeria,2024,February,197,343
Nigeria,2024,March,198,366
Nigeria,2024,April,167,272
Nigeria,2024,May,207,483
Nigeria,2024,June,180,287
Nigeria,2024,July,174,212
Nigeria,2024,August,247,292
Nigeria,2024,September,155,196
Nigeria,2024,October,166,238
Nigeria,2024,November,238,219
Nigeria,2024,December,286,550
Nigeria,2025,January,342,412
Nigeria,2025,February,272,356
Nigeria,2025,March,196,243
Nigeria,2025,April,231,436
Nigeria,2025,May,269,633
Nigeria,2025,June,265,563
Nigeria,2025,July,268,367
Nigeria,2025,August,329,431
Nigeria,2025,September,335,404
Nigeria,2025,October,317,497
Nigeria,2025,November,256,268
Nigeria,2025,December,273,367
Nigeria,2026,January,297,408
Nigeria,2026,February,265,566
Nigeria,2026,March,271,468
Nigeria,2026,April,220,341
Palestine,2016,January,22,8
Palestine,2016,February,19,3
Palestine,2016,March,20,0
Palestine,2016,April,18,1
Palestine,2016,May,21,8
Palestine,2016,June,22,4
Palestine,2016,July,21,4
Palestine,2016,August,13,3
Palestine,2016,September,21,7
Palestine,2016,October,18,7
Palestine,2016,November,10,0
Palestine,2016,December,11,1
Palestine,2017,January,22,3
Palestine,2017,February,22,4
Palestine,2017,March,18,1
Palestine,2017,April,15,1
Palestine,2017,May,16,2
Palestine,2017,June,18,1
Palestine,2017,July,30,4
Palestine,2017,August,17,1
Palestine,2017,September,10,1
Palestine,2017,October,19,1
Palestine,2017,November,14,1
Palestine,2017,December,24,1
Palestine,2018,January,111,5
Palestine,2018,February,105,4
Palestine,2018,March,96,15
Palestine,2018,April,209,12
Palestine,2018,May,124,5
Palestine,2018,June,93,7
Palestine,2018,July,66,3
Palestine,2018,August,87,3
Palestine,2018,September,135,6
Palestine,2018,October,146,3
Palestine,2018,November,130,6
Palestine,2018,December,195,2
Palestine,2019,January,119,1
Palestine,2019,February,126,0
Palestine,2019,March,158,4
Palestine,2019,April,79,1
Palestine,2019,May,85,19
Palestine,2019,June,57,1
Palestine,2019,July,45,3
Palestine,2019,August,71,4
Palestine,2019,September,57,0
Palestine,2019,October,100,1
Palestine,2019,November,75,28
Palestine,2019,December,88,2
Palestine,2020,January,81,1
Palestine,2020,February,87,0
Palestine,2020,March,84,1
Palestine,2020,April,63,1
Palestine,2020,May,84,1
Palestine,2020,June,60,1
Palestine,2020,July,58,2
Palestine,2020,August,60,3
Palestine,2020,September,42,1
Palestine,2020,October,71,3
Palestine,2020,November,78,0
Palestine,2020,December,116,2
Palestine,2021,January,152,1
Palestine,2021,February,91,4
Palestine,2021,March,86,3
Palestine,2021,April,119,1
Palestine,2021,May,427,188
Palestine,2021,June,145,5
Palestine,2021,July,103,3
Palestine,2021,August,83,0
Palestine,2021,September,77,5
Palestine,2021,October,99,0
Palestine,2021,November,141,0
Palestine,2021,December,141,2
Palestine,2022,January,129,3
Palestine,2022,February,140,0
Palestine,2022,March,199,2
Palestine,2022,April,172,3
Palestine,2022,May,191,1
Palestine,2022,June,126,1
Palestine,2022,July,114,2
Palestine,2022,August,140,28
Palestine,2022,September,162,1
Palestine,2022,October,220,5
Palestine,2022,November,175,6
Palestine,2022,December,127,2
Palestine,2023,January,183,12
Palestine,2023,February,175,8
Palestine,2023,March,184,1
Palestine,2023,April,149,6
Palestine,2023,May,145,3
Palestine,2023,June,194,6
Palestine,2023,July,158,1
Palestine,2023,August,157,5
Palestine,2023,September,132,7
Palestine,2023,October,1101,7875
Palestine,2023,November,938,5610
Palestine,2023,December,719,5896
Palestine,2024,January,593,4312
Palestine,2024,February,573,2435
Palestine,2024,March,582,1689
Palestine,2024,April,486,1567
Palestine,2024,May,600,1273
Palestine,2024,June,501,1283
Palestine,2024,July,666,1422
Palestine,2024,August,654,1094
Palestine,2024,September,531,865
Palestine,2024,October,669,1681
Palestine,2024,November,562,1558
Palestine,2024,December,508,1216
Palestine,2025,January,567,935
Palestine,2025,February,294,124
Palestine,2025,March,567,1116
Palestine,2025,April,741,1267
Palestine,2025,May,905,1816
Palestine,2025,June,777,2128
Palestine,2025,July,832,2668
Palestine,2025,August,761,1998
Palestine,2025,September,887,1782
Palestine,2025,October,638,420
Palestine,2025,November,384,60
Palestine,2025,December,408,57
Palestine,2026,January,425,96
Palestine,2026,February,369,65
Palestine,2026,March,420,68
Palestine,2026,April,285,38
Somalia,1997,January,0,0
Somalia,1997,February,1,1
Somalia,1997,March,0,0
Somalia,1997,April,1,2
Somalia,1997,May,0,0
Somalia,1997,June,5,6
Somalia,1997,July,2,0
Somalia,1997,August,3,5
Somalia,1997,September,0,0
Somalia,1997,October,0,0
Somalia,1997,November,3,0
Somalia,1997,December,1,1
Somalia,1998,January,1,0
Somalia,1998,February,0,0
Somalia,1998,March,1,3
Somalia,1998,April,1,0
Somalia,1998,May,1,0
Somalia,1998,June,1,0
Somalia,1998,July,0,0
Somalia,1998,August,0,0
Somalia,1998,September,3,0
Somalia,1998,October,2,0
Somalia,1998,November,1,1
Somalia,1998,December,1,0
Somalia,1999,January,5,5
Somalia,1999,February,0,0
Somalia,1999,March,4,14
Somalia,1999,April,3,0
Somalia,1999,May,0,0
Somalia,1999,June,5,17
Somalia,1999,July,1,0
Somalia,1999,August,1,0
Somalia,1999,September,4,6
Somalia,1999,October,4,4
Somalia,1999,November,1,0
Somalia,1999,December,1,0
Somalia,2000,January,11,5
Somalia,2000,February,4,0
Somalia,2000,March,5,1
Somalia,2000,April,3,0
Somalia,2000,May,2,1
Somalia,2000,June,1,6
Somalia,2000,July,10,13
Somalia,2000,August,6,0
Somalia,2000,September,2,0
Somalia,2000,October,2,5
Somalia,2000,November,1,0
Somalia,2000,December,0,0
Somalia,2001,January,2,3
Somalia,2001,February,2,0
Somalia,2001,March,3,12
Somalia,2001,April,1,0
Somalia,2001,May,2,0
Somalia,2001,June,3,0
Somalia,2001,July,1,6
Somalia,2001,August,2,0
Somalia,2001,September,3,0
Somalia,2001,October,5,1
Somalia,2001,November,2,18
Somalia,2001,December,0,0
Somalia,2002,January,0,0
Somalia,2002,February,2,4
Somalia,2002,March,5,6
Somalia,2002,April,3,3
Somalia,2002,May,8,11
Somalia,2002,June,1,1
Somalia,2002,July,3,4
Somalia,2002,August,2,0
Somalia,2002,September,3,13
Somalia,2002,October,0,0
Somalia,2002,November,4,4
Somalia,2002,December,5,19
Somalia,2003,January,4,9
Somalia,2003,February,26,49
Somalia,2003,March,17,88
Somalia,2003,April,3,2
Somalia,2003,May,15,25
Somalia,2003,June,19,39
Somalia,2003,July,31,67
Somalia,2003,August,28,36
Somalia,2003,September,16,14
Somalia,2003,October,24,41
Somalia,2003,November,10,6
Somalia,2003,December,9,22
Somalia,2004,January,24,30
Somalia,2004,February,27,55
Somalia,2004,March,20,25
Somalia,2004,April,16,20
Somalia,2004,May,17,32
Somalia,2004,June,46,49
Somalia,2004,July,24,32
Somalia,2004,August,1,0
Somalia,2004,September,0,0
Somalia,2004,October,1,0
Somalia,2004,November,0,0
Somalia,2004,December,3,0
Somalia,2005,January,17,7
Somalia,2005,February,22,4
Somalia,2005,March,14,5
Somalia,2005,April,13,3
Somalia,2005,May,18,16
Somalia,2005,June,11,3
Somalia,2005,July,14,4
Somalia,2005,August,17,0
Somalia,2005,September,18,5
Somalia,2005,October,13,5
Somalia,2005,November,12,8
Somalia,2005,December,11,0
Somalia,2006,January,8,3
Somalia,2006,February,11,0
Somalia,2006,March,17,0
Somalia,2006,April,8,1
Somalia,2006,May,4,0
Somalia,2006,June,13,5
Somalia,2006,July,10,6
Somalia,2006,August,10,4
Somalia,2006,September,14,15
Somalia,2006,October,12,8
Somalia,2006,November,10,8
Somalia,2006,December,12,3
Somalia,2007,January,17,19
Somalia,2007,February,48,63
Somalia,2007,March,36,43
Somalia,2007,April,17,20
Somalia,2007,May,52,34
Somalia,2007,June,47,49
Somalia,2007,July,47,53
Somalia,2007,August,45,27
Somalia,2007,September,50,35
Somalia,2007,October,49,36
Somalia,2007,November,34,46
Somalia,2007,December,26,27
Somalia,2008,January,33,29
Somalia,2008,February,27,59
Somalia,2008,March,21,10
Somalia,2008,April,29,39
Somalia,2008,May,35,48
Somalia,2008,June,52,35
Somalia,2008,July,40,42
Somalia,2008,August,40,120
Somalia,2008,September,34,26
Somalia,2008,October,33,41
Somalia,2008,November,45,24
Somalia,2008,December,29,33
Somalia,2009,January,19,41
Somalia,2009,February,16,11
Somalia,2009,March,17,12
Somalia,2009,April,31,55
Somalia,2009,May,15,36
Somalia,2009,June,16,44
Somalia,2009,July,8,7
Somalia,2009,August,13,10
Somalia,2009,September,8,3
Somalia,2009,October,21,70
Somalia,2009,November,6,19
Somalia,2009,December,9,35
Somalia,2010,January,37,71
Somalia,2010,February,26,40
Somalia,2010,March,16,39
Somalia,2010,April,9,8
Somalia,2010,May,30,141
Somalia,2010,June,18,17
Somalia,2010,July,21,74
Somalia,2010,August,28,102
Somalia,2010,September,15,79
Somalia,2010,October,33,57
Somalia,2010,November,31,78
Somalia,2010,December,16,26
Somalia,2011,January,2,1
Somalia,2011,February,6,28
Somalia,2011,March,23,19
Somalia,2011,April,34,41
Somalia,2011,May,11,14
Somalia,2011,June,36,55
Somalia,2011,July,33,40
Somalia,2011,August,57,72
Somalia,2011,September,14,15
Somalia,2011,October,37,206
Somalia,2011,November,38,39
Somalia,2011,December,31,31
Somalia,2012,January,36,44
Somalia,2012,February,31,34
Somalia,2012,March,36,31
Somalia,2012,April,30,47
Somalia,2012,May,65,79
Somalia,2012,June,38,37
Somalia,2012,July,69,80
Somalia,2012,August,94,79
Somalia,2012,September,31,68
Somalia,2012,October,39,48
Somalia,2012,November,40,38
Somalia,2012,December,69,56
Somalia,2013,January,42,50
Somalia,2013,February,50,48
Somalia,2013,March,80,86
Somalia,2013,April,69,81
Somalia,2013,May,48,49
Somalia,2013,June,52,42
Somalia,2013,July,91,79
Somalia,2013,August,105,87
Somalia,2013,September,80,94
Somalia,2013,October,73,43
Somalia,2013,November,77,70
Somalia,2013,December,68,42
Somalia,2014,January,68,54
Somalia,2014,February,73,74
Somalia,2014,March,74,83
Somalia,2014,April,64,66
Somalia,2014,May,67,102
Somalia,2014,June,57,65
Somalia,2014,July,85,84
Somalia,2014,August,50,50
Somalia,2014,September,40,34
Somalia,2014,October,51,83
Somalia,2014,November,54,42
Somalia,2014,December,63,102
Somalia,2015,January,57,45
Somalia,2015,February,60,73
Somalia,2015,March,52,42
Somalia,2015,April,46,58
Somalia,2015,May,53,56
Somalia,2015,June,34,34
Somalia,2015,July,48,92
Somalia,2015,August,54,87
Somalia,2015,September,42,44
Somalia,2015,October,36,19
Somalia,2015,November,41,59
Somalia,2015,December,54,60
Somalia,2016,January,52,56
Somalia,2016,February,47,79
Somalia,2016,March,50,50
Somalia,2016,April,73,90
Somalia,2016,May,61,57
Somalia,2016,June,83,139
Somalia,2016,July,50,71
Somalia,2016,August,57,84
Somalia,2016,September,55,59
Somalia,2016,October,77,73
Somalia,2016,November,65,52
Somalia,2016,December,73,122
Somalia,2017,January,92,177
Somalia,2017,February,65,92
Somalia,2017,March,94,117
Somalia,2017,April,84,117
Somalia,2017,May,74,121
Somalia,2017,June,65,82
Somalia,2017,July,69,80
Somalia,2017,August,81,119
Somalia,2017,September,95,122
Somalia,2017,October,104,705
Somalia,2017,November,48,45
Somalia,2017,December,43,72
Somalia,2018,January,57,43
Somalia,2018,February,58,83
Somalia,2018,March,44,47
Somalia,2018,April,53,44
Somalia,2018,May,55,56
Somalia,2018,June,67,74
Somalia,2018,July,79,62
Somalia,2018,August,55,86
Somalia,2018,September,66,60
Somalia,2018,October,71,79
Somalia,2018,November,72,55
Somalia,2018,December,74,60
Somalia,2019,January,59,71
Somalia,2019,February,84,105
Somalia,2019,March,55,118
Somalia,2019,April,56,52
Somalia,2019,May,73,74
Somalia,2019,June,61,71
Somalia,2019,July,66,187
Somalia,2019,August,49,53
Somalia,2019,September,69,88
Somalia,2019,October,49,60
Somalia,2019,November,57,57
Somalia,2019,December,52,67
Somalia,2020,January,42,45
Somalia,2020,February,60,85
Somalia,2020,March,49,57
Somalia,2020,April,51,59
Somalia,2020,May,73,76
Somalia,2020,June,58,54
Somalia,2020,July,43,36
Somalia,2020,August,37,60
Somalia,2020,September,41,68
Somalia,2020,October,43,43
Somalia,2020,November,60,73
Somalia,2020,December,39,40
Somalia,2021,January,41,46
Somalia,2021,February,49,53
Somalia,2021,March,35,70
Somalia,2021,April,39,56
Somalia,2021,May,35,36
Somalia,2021,June,44,99
Somalia,2021,July,38,55
Somalia,2021,August,33,56
Somalia,2021,September,50,46
Somalia,2021,October,30,46
Somalia,2021,November,34,39
Somalia,2021,December,45,47
Somalia,2022,January,37,40
Somalia,2022,February,47,86
Somalia,2022,March,37,83
Somalia,2022,April,34,36
Somalia,2022,May,41,43
Somalia,2022,June,53,47
Somalia,2022,July,37,65
Somalia,2022,August,70,85
Somalia,2022,September,54,120
Somalia,2022,October,44,193
Somalia,2022,November,50,64
Somalia,2022,December,54,54
Somalia,2023,January,69,116
Somalia,2023,February,70,74
Somalia,2023,March,69,88
Somalia,2023,April,43,58
Somalia,2023,May,41,48
Somalia,2023,June,55,120
Somalia,2023,July,42,61
Somalia,2023,August,45,54
Somalia,2023,September,51,53
Somalia,2023,October,51,42
Somalia,2023,November,35,50
Somalia,2023,December,34,32
Somalia,2024,January,49,80
Somalia,2024,February,36,48
Somalia,2024,March,32,32
Somalia,2024,April,45,53
Somalia,2024,May,39,29
Somalia,2024,June,44,39
Somalia,2024,July,27,39
Somalia,2024,August,38,39
Somalia,2024,September,41,36
Somalia,2024,October,43,54
Somalia,2024,November,41,32
Somalia,2024,December,44,31
Somalia,2025,January,42,35
Somalia,2025,February,40,31
Somalia,2025,March,48,60
Somalia,2025,April,44,38
Somalia,2025,May,60,55
Somalia,2025,June,72,57
Somalia,2025,July,78,37
Somalia,2025,August,72,37
Somalia,2025,September,87,61
Somalia,2025,October,83,49
Somalia,2025,November,71,39
Somalia,2025,December,70,35
Somalia,2026,January,81,50
Somalia,2026,February,91,61
Somalia,2026,March,87,67
Somalia,2026,April,42,24
South Sudan,2011,January,0,0
South Sudan,2011,February,0,0
South Sudan,2011,March,0,0
South Sudan,2011,April,0,0
South Sudan,2011,May,1,0
South Sudan,2011,June,0,0
South Sudan,2011,July,3,0
South Sudan,2011,August,8,1086
South Sudan,2011,September,2,1
South Sudan,2011,October,3,35
South Sudan,2011,November,3,7
South Sudan,2011,December,7,234
South Sudan,2012,January,18,3253
South Sudan,2012,February,5,30
South Sudan,2012,March,5,0
South Sudan,2012,April,9,23
South Sudan,2012,May,18,24
South Sudan,2012,June,3,0
South Sudan,2012,July,7,4
South Sudan,2012,August,8,11
South Sudan,2012,September,5,2
South Sudan,2012,October,9,7
South Sudan,2012,November,9,24
South Sudan,2012,December,16,154
South Sudan,2013,January,9,21
South Sudan,2013,February,5,89
South Sudan,2013,March,19,24
South Sudan,2013,April,18,63
South Sudan,2013,May,27,148
South Sudan,2013,June,17,30
South Sudan,2013,July,19,352
South Sudan,2013,August,13,21
South Sudan,2013,September,12,23
South Sudan,2013,October,12,79
South Sudan,2013,November,9,14
South Sudan,2013,December,56,2056
South Sudan,2014,January,57,575
South Sudan,2014,February,41,221
South Sudan,2014,March,21,93
South Sudan,2014,April,17,494
South Sudan,2014,May,24,104
South Sudan,2014,June,15,13
South Sudan,2014,July,18,85
South Sudan,2014,August,29,69
South Sudan,2014,September,26,68
South Sudan,2014,October,12,84
South Sudan,2014,November,15,51
South Sudan,2014,December,18,53
South Sudan,2015,January,22,52
South Sudan,2015,February,22,19
South Sudan,2015,March,19,49
South Sudan,2015,April,22,55
South Sudan,2015,May,34,177
South Sudan,2015,June,25,35
South Sudan,2015,July,36,309
South Sudan,2015,August,25,54
South Sudan,2015,September,36,95
South Sudan,2015,October,33,189
South Sudan,2015,November,30,117
South Sudan,2015,December,33,96
South Sudan,2016,January,36,97
South Sudan,2016,February,26,68
South Sudan,2016,March,27,52
South Sudan,2016,April,14,13
South Sudan,2016,May,28,50
South Sudan,2016,June,16,29
South Sudan,2016,July,47,81
South Sudan,2016,August,32,127
South Sudan,2016,September,50,100
South Sudan,2016,October,62,166
South Sudan,2016,November,45,104
South Sudan,2016,December,45,94
South Sudan,2017,January,41,136
South Sudan,2017,February,38,126
South Sudan,2017,March,51,85
South Sudan,2017,April,69,391
South Sudan,2017,May,40,171
South Sudan,2017,June,25,38
South Sudan,2017,July,35,127
South Sudan,2017,August,34,66
South Sudan,2017,September,31,38
South Sudan,2017,October,21,66
South Sudan,2017,November,36,104
South Sudan,2017,December,20,74
South Sudan,2018,January,19,41
South Sudan,2018,February,21,56
South Sudan,2018,March,25,61
South Sudan,2018,April,23,35
South Sudan,2018,May,32,52
South Sudan,2018,June,33,76
South Sudan,2018,July,20,34
South Sudan,2018,August,15,19
South Sudan,2018,September,19,40
South Sudan,2018,October,40,69
South Sudan,2018,November,41,39
South Sudan,2018,December,42,36
South Sudan,2019,January,48,530
South Sudan,2019,February,34,48
South Sudan,2019,March,37,93
South Sudan,2019,April,25,53
South Sudan,2019,May,24,43
South Sudan,2019,June,18,28
South Sudan,2019,July,19,26
South Sudan,2019,August,29,79
South Sudan,2019,September,22,14
South Sudan,2019,October,11,9
South Sudan,2019,November,25,18
South Sudan,2019,December,20,22
South Sudan,2020,January,25,21
South Sudan,2020,February,34,37
South Sudan,2020,March,39,32
South Sudan,2020,April,42,71
South Sudan,2020,May,43,58
South Sudan,2020,June,29,79
South Sudan,2020,July,49,165
South Sudan,2020,August,25,31
South Sudan,2020,September,23,45
South Sudan,2020,October,22,24
South Sudan,2020,November,40,70
South Sudan,2020,December,69,72
South Sudan,2021,January,92,104
South Sudan,2021,February,113,179
South Sudan,2021,March,130,217
South Sudan,2021,April,70,171
South Sudan,2021,May,117,282
South Sudan,2021,June,75,100
South Sudan,2021,July,79,239
South Sudan,2021,August,72,97
South Sudan,2021,September,53,54
South Sudan,2021,October,59,59
South Sudan,2021,November,65,95
South Sudan,2021,December,97,170
South Sudan,2022,January,63,60
South Sudan,2022,February,80,77
South Sudan,2022,March,94,132
South Sudan,2022,April,107,341
South Sudan,2022,May,76,121
South Sudan,2022,June,65,148
South Sudan,2022,July,55,126
South Sudan,2022,August,62,61
South Sudan,2022,September,59,65
South Sudan,2022,October,92,106
South Sudan,2022,November,106,325
South Sudan,2022,December,114,198
South Sudan,2023,January,121,303
South Sudan,2023,February,92,176
South Sudan,2023,March,80,167
South Sudan,2023,April,87,150
South Sudan,2023,May,76,97
South Sudan,2023,June,60,92
South Sudan,2023,July,64,109
South Sudan,2023,August,92,114
South Sudan,2023,September,58,83
South Sudan,2023,October,71,70
South Sudan,2023,November,67,70
South Sudan,2023,December,51,54
South Sudan,2024,January,57,111
South Sudan,2024,February,69,103
South Sudan,2024,March,55,110
South Sudan,2024,April,60,121
South Sudan,2024,May,55,73
South Sudan,2024,June,72,85
South Sudan,2024,July,65,86
South Sudan,2024,August,59,86
South Sudan,2024,September,41,54
South Sudan,2024,October,39,101
South Sudan,2024,November,58,34
South Sudan,2024,December,73,73
South Sudan,2025,January,73,93
South Sudan,2025,February,57,87
South Sudan,2025,March,79,93
South Sudan,2025,April,59,85
South Sudan,2025,May,87,105
South Sudan,2025,June,99,79
South Sudan,2025,July,94,98
South Sudan,2025,August,85,84
South Sudan,2025,September,61,55
South Sudan,2025,October,51,33
South Sudan,2025,November,48,135
South Sudan,2025,December,59,104
South Sudan,2026,January,45,58
South Sudan,2026,February,43,105
South Sudan,2026,March,55,114
South Sudan,2026,April,16,17
Sudan,1997,January,7,307
Sudan,1997,February,0,0
Sudan,1997,March,2,0
Sudan,1997,April,4,0
Sudan,1997,May,1,3
Sudan,1997,June,2,144
Sudan,1997,July,3,6
Sudan,1997,August,2,4
Sudan,1997,September,1,1
Sudan,1997,October,1,23
Sudan,1997,November,4,5
Sudan,1997,December,1,0
Sudan,1998,January,1,10
Sudan,1998,February,1,21
Sudan,1998,March,2,23
Sudan,1998,April,4,75
Sudan,1998,May,9,277
Sudan,1998,June,4,5
Sudan,1998,July,0,0
Sudan,1998,August,2,2
Sudan,1998,September,5,6
Sudan,1998,October,0,0
Sudan,1998,November,1,2
Sudan,1998,December,4,6
Sudan,1999,January,2,6
Sudan,1999,February,7,48
Sudan,1999,March,1,3
Sudan,1999,April,5,0
Sudan,1999,May,9,37
Sudan,1999,June,3,15
Sudan,1999,July,4,10
Sudan,1999,August,1,0
Sudan,1999,September,3,5
Sudan,1999,October,1,0
Sudan,1999,November,2,1
Sudan,1999,December,0,0
Sudan,2000,January,2,8
Sudan,2000,February,4,17
Sudan,2000,March,17,29
Sudan,2000,April,4,2
Sudan,2000,May,4,0
Sudan,2000,June,3,8
Sudan,2000,July,9,12
Sudan,2000,August,12,20
Sudan,2000,September,3,1
Sudan,2000,October,10,1
Sudan,2000,November,10,47
Sudan,2000,December,5,27
Sudan,2001,January,4,21
Sudan,2001,February,1,7
Sudan,2001,March,0,0
Sudan,2001,April,6,1
Sudan,2001,May,5,6
Sudan,2001,June,7,6
Sudan,2001,July,7,6
Sudan,2001,August,2,0
Sudan,2001,September,3,8
Sudan,2001,October,4,21
Sudan,2001,November,7,5
Sudan,2001,December,1,0
Sudan,2002,January,3,0
Sudan,2002,February,3,3
Sudan,2002,March,1,0
Sudan,2002,April,30,578
Sudan,2002,May,14,653
Sudan,2002,June,7,67
Sudan,2002,July,3,20
Sudan,2002,August,7,11
Sudan,2002,September,10,65
Sudan,2002,October,4,18
Sudan,2002,November,3,8
Sudan,2002,December,6,83
Sudan,2003,January,1,2
Sudan,2003,February,0,0
Sudan,2003,March,3,4
Sudan,2003,April,1,55
Sudan,2003,May,7,15
Sudan,2003,June,2,0
Sudan,2003,July,22,676
Sudan,2003,August,15,1355
Sudan,2003,September,6,172
Sudan,2003,October,12,323
Sudan,2003,November,26,477
Sudan,2003,December,16,541
Sudan,2004,January,36,2256
Sudan,2004,February,34,573
Sudan,2004,March,32,446
Sudan,2004,April,20,262
Sudan,2004,May,25,579
Sudan,2004,June,26,594
Sudan,2004,July,44,695
Sudan,2004,August,31,238
Sudan,2004,September,22,332
Sudan,2004,October,34,87
Sudan,2004,November,36,280
Sudan,2004,December,25,79
Sudan,2005,January,29,343
Sudan,2005,February,16,53
Sudan,2005,March,21,14
Sudan,2005,April,13,48
Sudan,2005,May,17,43
Sudan,2005,June,8,1
Sudan,2005,July,14,26
Sudan,2005,August,9,59
Sudan,2005,September,29,164
Sudan,2005,October,9,39
Sudan,2005,November,16,54
Sudan,2005,December,14,59
Sudan,2006,January,4,8
Sudan,2006,February,5,18
Sudan,2006,March,4,31
Sudan,2006,April,3,20
Sudan,2006,May,5,122
Sudan,2006,June,8,20
Sudan,2006,July,11,91
Sudan,2006,August,9,12
Sudan,2006,September,7,1
Sudan,2006,October,14,216
Sudan,2006,November,27,238
Sudan,2006,December,14,151
Sudan,2007,January,8,36
Sudan,2007,February,5,19
Sudan,2007,March,5,121
Sudan,2007,April,9,140
Sudan,2007,May,6,63
Sudan,2007,June,1,1
Sudan,2007,July,2,400
Sudan,2007,August,4,212
Sudan,2007,September,5,1
Sudan,2007,October,12,114
Sudan,2007,November,3,5
Sudan,2007,December,3,29
Sudan,2008,January,9,6
Sudan,2008,February,18,233
Sudan,2008,March,9,6
Sudan,2008,April,17,20
Sudan,2008,May,14,54
Sudan,2008,June,14,22
Sudan,2008,July,9,74
Sudan,2008,August,11,245
Sudan,2008,September,7,16
Sudan,2008,October,5,23
Sudan,2008,November,3,10
Sudan,2008,December,5,202
Sudan,2009,January,21,159
Sudan,2009,February,9,8
Sudan,2009,March,17,40
Sudan,2009,April,7,21
Sudan,2009,May,15,10
Sudan,2009,June,5,4
Sudan,2009,July,12,6
Sudan,2009,August,15,60
Sudan,2009,September,9,5
Sudan,2009,October,19,53
Sudan,2009,November,9,35
Sudan,2009,December,7,13
Sudan,2010,January,1,0
Sudan,2010,February,3,0
Sudan,2010,March,8,10
Sudan,2010,April,10,14
Sudan,2010,May,17,27
Sudan,2010,June,16,30
Sudan,2010,July,11,33
Sudan,2010,August,5,15
Sudan,2010,September,11,117
Sudan,2010,October,6,12
Sudan,2010,November,4,4
Sudan,2010,December,8,13
Sudan,2011,January,13,124
Sudan,2011,February,14,115
Sudan,2011,March,13,113
Sudan,2011,April,10,126
Sudan,2011,May,15,204
Sudan,2011,June,14,603
Sudan,2011,July,1,3
Sudan,2011,August,2,6
Sudan,2011,September,9,36
Sudan,2011,October,2,0
Sudan,2011,November,2,11
Sudan,2011,December,3,0
Sudan,2012,January,5,3
Sudan,2012,February,4,0
Sudan,2012,March,5,3
Sudan,2012,April,5,9
Sudan,2012,May,15,6
Sudan,2012,June,20,4
Sudan,2012,July,39,42
Sudan,2012,August,39,24
Sudan,2012,September,39,144
Sudan,2012,October,55,19
Sudan,2012,November,69,76
Sudan,2012,December,63,41
Sudan,2013,January,46,46
Sudan,2013,February,20,71
Sudan,2013,March,39,22
Sudan,2013,April,39,82
Sudan,2013,May,49,187
Sudan,2013,June,32,45
Sudan,2013,July,26,38
Sudan,2013,August,34,47
Sudan,2013,September,52,167
Sudan,2013,October,70,62
Sudan,2013,November,47,86
Sudan,2013,December,40,85
Sudan,2014,January,59,57
Sudan,2014,February,55,140
Sudan,2014,March,91,304
Sudan,2014,April,54,63
Sudan,2014,May,77,45
Sudan,2014,June,82,74
Sudan,2014,July,69,66
Sudan,2014,August,58,58
Sudan,2014,September,46,31
Sudan,2014,October,53,43
Sudan,2014,November,44,49
Sudan,2014,December,76,55
Sudan,2015,January,117,137
Sudan,2015,February,69,121
Sudan,2015,March,57,134
Sudan,2015,April,86,147
Sudan,2015,May,92,67
Sudan,2015,June,54,93
Sudan,2015,July,70,103
Sudan,2015,August,45,36
Sudan,2015,September,38,27
Sudan,2015,October,53,33
Sudan,2015,November,55,53
Sudan,2015,December,63,59
Sudan,2016,January,68,232
Sudan,2016,February,59,88
Sudan,2016,March,33,52
Sudan,2016,April,64,131
Sudan,2016,May,55,53
Sudan,2016,June,72,65
Sudan,2016,July,43,36
Sudan,2016,August,67,67
Sudan,2016,September,81,65
Sudan,2016,October,62,34
Sudan,2016,November,57,35
Sudan,2016,December,54,37
Sudan,2017,January,47,35
Sudan,2017,February,38,29
Sudan,2017,March,33,45
Sudan,2017,April,34,56
Sudan,2017,May,36,57
Sudan,2017,June,43,39
Sudan,2017,July,30,36
Sudan,2017,August,31,18
Sudan,2017,September,27,29
Sudan,2017,October,47,39
Sudan,2017,November,28,16
Sudan,2017,December,25,9
Sudan,2018,January,21,9
Sudan,2018,February,20,27
Sudan,2018,March,22,23
Sudan,2018,April,28,35
Sudan,2018,May,23,16
Sudan,2018,June,36,31
Sudan,2018,July,35,22
Sudan,2018,August,15,17
Sudan,2018,September,31,11
Sudan,2018,October,41,74
Sudan,2018,November,30,17
Sudan,2018,December,28,43
Sudan,2019,January,35,20
Sudan,2019,February,20,9
Sudan,2019,March,31,26
Sudan,2019,April,21,19
Sudan,2019,May,24,14
Sudan,2019,June,32,162
Sudan,2019,July,35,29
Sudan,2019,August,21,17
Sudan,2019,September,14,21
Sudan,2019,October,35,10
Sudan,2019,November,41,29
Sudan,2019,December,38,63
Sudan,2020,January,24,68
Sudan,2020,February,18,8
Sudan,2020,March,18,27
Sudan,2020,April,23,30
Sudan,2020,May,30,43
Sudan,2020,June,29,38
Sudan,2020,July,34,62
Sudan,2020,August,18,10
Sudan,2020,September,18,20
Sudan,2020,October,19,31
Sudan,2020,November,15,13
Sudan,2020,December,29,27
Sudan,2021,January,49,117
Sudan,2021,February,30,29
Sudan,2021,March,33,30
Sudan,2021,April,24,26
Sudan,2021,May,28,41
Sudan,2021,June,36,28
Sudan,2021,July,42,53
Sudan,2021,August,39,42
Sudan,2021,September,32,20
Sudan,2021,October,42,59
Sudan,2021,November,47,66
Sudan,2021,December,58,83
Sudan,2022,January,68,50
Sudan,2022,February,51,46
Sudan,2022,March,63,78
Sudan,2022,April,35,96
Sudan,2022,May,68,52
Sudan,2022,June,68,75
Sudan,2022,July,63,25
Sudan,2022,August,39,44
Sudan,2022,September,41,28
Sudan,2022,October,51,62
Sudan,2022,November,66,40
Sudan,2022,December,57,45
Sudan,2023,January,66,53
Sudan,2023,February,70,44
Sudan,2023,March,40,56
Sudan,2023,April,100,186
Sudan,2023,May,148,364
Sudan,2023,June,149,681
Sudan,2023,July,153,300
Sudan,2023,August,139,262
Sudan,2023,September,165,413
Sudan,2023,October,160,378
Sudan,2023,November,135,763
Sudan,2023,December,153,426
Sudan,2024,January,131,312
Sudan,2024,February,199,469
Sudan,2024,March,154,320
Sudan,2024,April,202,360
Sudan,2024,May,182,340
Sudan,2024,June,141,537
Sudan,2024,July,127,286
Sudan,2024,August,210,414
Sudan,2024,September,191,436
Sudan,2024,October,345,1278
Sudan,2024,November,274,923
Sudan,2024,December,239,862
Sudan,2025,January,272,751
Sudan,2025,February,227,805
Sudan,2025,March,199,573
Sudan,2025,April,128,720
Sudan,2025,May,142,477
Sudan,2025,June,132,308
Sudan,2025,July,92,206
Sudan,2025,August,106,300
Sudan,2025,September,63,120
Sudan,2025,October,106,2287
Sudan,2025,November,76,121
Sudan,2025,December,103,497
Sudan,2026,January,115,441
Sudan,2026,February,84,208
Sudan,2026,March,98,477
Sudan,2026,April,36,71
Syria,2017,January,726,1973
Syria,2017,February,645,1949
Syria,2017,March,706,1808
Syria,2017,April,831,2074
Syria,2017,May,584,1688
Syria,2017,June,660,1608
Syria,2017,July,655,1306
Syria,2017,August,611,1488
Syria,2017,September,778,1924
Syria,2017,October,552,1624
Syria,2017,November,699,1452
Syria,2017,December,491,699
Syria,2018,January,782,1379
Syria,2018,February,800,2003
Syria,2018,March,734,2107
Syria,2018,April,535,774
Syria,2018,May,269,435
Syria,2018,June,322,642
Syria,2018,July,370,1168
Syria,2018,August,318,481
Syria,2018,September,252,241
Syria,2018,October,186,261
Syria,2018,November,241,379
Syria,2018,December,191,179
Syria,2019,January,217,200
Syria,2019,February,311,347
Syria,2019,March,352,438
Syria,2019,April,433,499
Syria,2019,May,428,496
Syria,2019,June,266,382
Syria,2019,July,413,482
Syria,2019,August,247,313
Syria,2019,September,184,123
Syria,2019,October,312,352
Syria,2019,November,296,375
Syria,2019,December,206,323
Syria,2020,January,248,351
Syria,2020,February,206,318
Syria,2020,March,142,163
Syria,2020,April,158,148
Syria,2020,May,174,126
Syria,2020,June,162,121
Syria,2020,July,172,139
Syria,2020,August,208,159
Syria,2020,September,179,122
Syria,2020,October,199,146
Syria,2020,November,170,127
Syria,2020,December,186,84
Syria,2021,January,221,130
Syria,2021,February,230,154
Syria,2021,March,224,201
Syria,2021,April,180,113
Syria,2021,May,224,125
Syria,2021,June,196,148
Syria,2021,July,199,146
Syria,2021,August,196,134
Syria,2021,September,209,123
Syria,2021,October,191,107
Syria,2021,November,193,111
Syria,2021,December,238,145
Syria,2022,January,200,120
Syria,2022,February,185,126
Syria,2022,March,212,105
Syria,2022,April,204,131
Syria,2022,May,198,96
Syria,2022,June,190,102
Syria,2022,July,259,104
Syria,2022,August,227,123
Syria,2022,September,180,124
Syria,2022,October,162,81
Syria,2022,November,184,94
Syria,2022,December,193,115
Syria,2023,January,229,88
Syria,2023,February,151,174
Syria,2023,March,230,183
Syria,2023,April,218,241
Syria,2023,May,189,83
Syria,2023,June,215,98
Syria,2023,July,231,95
Syria,2023,August,259,144
Syria,2023,September,246,77
Syria,2023,October,311,157
Syria,2023,November,244,104
Syria,2023,December,246,137
Syria,2024,January,195,87
Syria,2024,February,186,99
Syria,2024,March,220,182
Syria,2024,April,209,105
Syria,2024,May,209,75
Syria,2024,June,242,103
Syria,2024,July,245,88
Syria,2024,August,231,99
Syria,2024,September,223,89
Syria,2024,October,220,82
Syria,2024,November,223,112
Syria,2024,December,418,696
Syria,2025,January,548,541
Syria,2025,February,328,329
Syria,2025,March,505,2161
Syria,2025,April,342,309
Syria,2025,May,362,248
Syria,2025,June,255,238
Syria,2025,July,258,245
Syria,2025,August,277,194
Syria,2025,September,279,171
Syria,2025,October,244,154
Syria,2025,November,188,112
Syria,2025,December,194,128
Syria,2026,January,208,281
Syria,2026,February,167,104
Syria,2026,March,176,97
Syria,2026,April,104,76
Venezuela,2018,January,86,84
Venezuela,2018,February,133,167
Venezuela,2018,March,85,116
Venezuela,2018,April,94,117
Venezuela,2018,May,89,111
Venezuela,2018,June,77,116
Venezuela,2018,July,69,88
Venezuela,2018,August,63,107
Venezuela,2018,September,57,79
Venezuela,2018,October,67,105
Venezuela,2018,November,91,114
Venezuela,2018,December,59,58
Venezuela,2019,January,120,165
Venezuela,2019,February,106,149
Venezuela,2019,March,102,102
Venezuela,2019,April,130,171
Venezuela,2019,May,122,148
Venezuela,2019,June,126,130
Venezuela,2019,July,91,135
Venezuela,2019,August,105,123
Venezuela,2019,September,93,91
Venezuela,2019,October,134,138
Venezuela,2019,November,85,104
Venezuela,2019,December,102,127
Venezuela,2020,January,114,151
Venezuela,2020,February,102,108
Venezuela,2020,March,85,105
Venezuela,2020,April,68,67
Venezuela,2020,May,99,112
Venezuela,2020,June,76,89
Venezuela,2020,July,38,38
Venezuela,2020,August,38,39
Venezuela,2020,September,34,26
Venezuela,2020,October,39,36
Venezuela,2020,November,51,49
Venezuela,2020,December,68,50
Venezuela,2021,January,67,74
Venezuela,2021,February,43,41
Venezuela,2021,March,57,51
Venezuela,2021,April,36,44
Venezuela,2021,May,49,55
Venezuela,2021,June,54,51
Venezuela,2021,July,67,69
Venezuela,2021,August,42,40
Venezuela,2021,September,57,52
Venezuela,2021,October,36,35
Venezuela,2021,November,35,33
Venezuela,2021,December,43,52
Venezuela,2022,January,45,38
Venezuela,2022,February,25,32
Venezuela,2022,March,45,36
Venezuela,2022,April,24,17
Venezuela,2022,May,26,23
Venezuela,2022,June,17,19
Venezuela,2022,July,40,41
Venezuela,2022,August,19,23
Venezuela,2022,September,28,20
Venezuela,2022,October,28,25
Venezuela,2022,November,24,20
Venezuela,2022,December,30,24
Venezuela,2023,January,29,27
Venezuela,2023,February,25,27
Venezuela,2023,March,24,23
Venezuela,2023,April,21,12
Venezuela,2023,May,22,20
Venezuela,2023,June,23,17
Venezuela,2023,July,26,24
Venezuela,2023,August,31,28
Venezuela,2023,September,20,14
Venezuela,2023,October,20,17
Venezuela,2023,November,15,17
Venezuela,2023,December,21,27
Venezuela,2024,January,22,20
Venezuela,2024,February,23,20
Venezuela,2024,March,14,12
Venezuela,2024,April,15,15
Venezuela,2024,May,12,9
Venezuela,2024,June,12,15
Venezuela,2024,July,36,28
Venezuela,2024,August,19,17
Venezuela,2024,September,15,18
Venezuela,2024,October,10,7
Venezuela,2024,November,12,10
Venezuela,2024,December,16,8
Venezuela,2025,January,19,13
Venezuela,2025,February,6,6
Venezuela,2025,March,6,8
Venezuela,2025,April,6,5
Venezuela,2025,May,13,9
Venezuela,2025,June,14,13
Venezuela,2025,July,12,10
Venezuela,2025,August,11,7
Venezuela,2025,September,4,1
Venezuela,2025,October,17,10
Venezuela,2025,November,17,10
Venezuela,2025,December,6,4
Venezuela,2026,January,13,11
Venezuela,2026,February,14,11
Venezuela,2026,March,20,9
Venezuela,2026,April,7,1
Yemen,2015,January,56,25
Yemen,2015,February,41,23
Yemen,2015,March,30,316
Yemen,2015,April,81,334
Yemen,2015,May,83,413
Yemen,2015,June,112,500
Yemen,2015,July,88,580
Yemen,2015,August,89,392
Yemen,2015,September,109,801
Yemen,2015,October,155,450
Yemen,2015,November,111,271
Yemen,2015,December,95,300
Yemen,2016,January,87,182
Yemen,2016,February,90,276
Yemen,2016,March,45,189
Yemen,2016,April,36,96
Yemen,2016,May,46,84
Yemen,2016,June,53,104
Yemen,2016,July,61,99
Yemen,2016,August,103,346
Yemen,2016,September,71,271
Yemen,2016,October,67,291
Yemen,2016,November,58,136
Yemen,2016,December,52,88
Yemen,2017,January,71,222
Yemen,2017,February,49,110
Yemen,2017,March,51,138
Yemen,2017,April,47,81
Yemen,2017,May,53,125
Yemen,2017,June,34,86
Yemen,2017,July,40,100
Yemen,2017,August,38,118
Yemen,2017,September,38,99
Yemen,2017,October,53,94
Yemen,2017,November,57,161
Yemen,2017,December,103,492
Yemen,2018,January,87,235
Yemen,2018,February,81,179
Yemen,2018,March,106,163
Yemen,2018,April,102,240
Yemen,2018,May,96,159
Yemen,2018,June,88,167
Yemen,2018,July,123,242
Yemen,2018,August,122,315
Yemen,2018,September,142,171
Yemen,2018,October,135,174
Yemen,2018,November,130,161
Yemen,2018,December,137,168
Yemen,2019,January,134,129
Yemen,2019,February,83,84
Yemen,2019,March,118,168
Yemen,2019,April,85,88
Yemen,2019,May,104,117
Yemen,2019,June,105,75
Yemen,2019,July,99,65
Yemen,2019,August,89,229
Yemen,2019,September,66,66
Yemen,2019,October,84,92
Yemen,2019,November,101,63
Yemen,2019,December,90,68
Yemen,2020,January,87,64
Yemen,2020,February,81,83
Yemen,2020,March,103,119
Yemen,2020,April,116,354
Yemen,2020,May,84,61
Yemen,2020,June,97,78
Yemen,2020,July,94,69
Yemen,2020,August,96,84
Yemen,2020,September,97,56
Yemen,2020,October,124,114
Yemen,2020,November,116,70
Yemen,2020,December,83,70
Yemen,2021,January,106,62
Yemen,2021,February,65,60
Yemen,2021,March,96,103
Yemen,2021,April,66,59
Yemen,2021,May,66,62
Yemen,2021,June,79,59
Yemen,2021,July,53,22
Yemen,2021,August,78,50
Yemen,2021,September,84,63
Yemen,2021,October,93,104
Yemen,2021,November,98,69
Yemen,2021,December,93,83
Yemen,2022,January,103,209
Yemen,2022,February,101,67
Yemen,2022,March,95,90
Yemen,2022,April,53,43
Yemen,2022,May,67,47
Yemen,2022,June,95,71
Yemen,2022,July,90,50
Yemen,2022,August,81,41
Yemen,2022,September,69,32
Yemen,2022,October,105,59
Yemen,2022,November,95,291
Yemen,2022,December,95,199
Yemen,2023,January,147,68
Yemen,2023,February,118,183
Yemen,2023,March,129,103
Yemen,2023,April,84,41
Yemen,2023,May,99,61
Yemen,2023,June,86,51
Yemen,2023,July,87,51
Yemen,2023,August,127,56
Yemen,2023,September,97,32
Yemen,2023,October,81,36
Yemen,2023,November,54,29
Yemen,2023,December,64,28
Yemen,2024,January,47,37
Yemen,2024,February,62,24
Yemen,2024,March,69,38
Yemen,2024,April,73,44
Yemen,2024,May,74,32
Yemen,2024,June,65,16
Yemen,2024,July,71,48
Yemen,2024,August,82,27
Yemen,2024,September,138,30
Yemen,2024,October,70,17
Yemen,2024,November,56,25
Yemen,2024,December,98,61
Yemen,2025,January,79,28
Yemen,2025,February,70,37
Yemen,2025,March,71,45
Yemen,2025,April,76,111
Yemen,2025,May,106,119
Yemen,2025,June,44,18
Yemen,2025,July,110,25
Yemen,2025,August,91,51
Yemen,2025,September,129,80
Yemen,2025,October,76,18
Yemen,2025,November,66,21
Yemen,2025,December,95,41
Yemen,2026,January,79,26
Yemen,2026,February,63,22
Yemen,2026,March,57,51
Yemen,2026,April,54,24
